-- CPU (98 records)
INSERT INTO CPU (CPU_ID, Brand, Model, Socket_Type, Core_Count, Thread_Count, Base_Clock, Boost_Clock, Power_Draw, Performance_Score, Price) VALUES (1, 'AMD', 'Ryzen 3 1200', 'AM4', 4, 4, 3.1, 3.4, 65, 3200, 20.0);
INSERT INTO CPU (CPU_ID, Brand, Model, Socket_Type, Core_Count, Thread_Count, Base_Clock, Boost_Clock, Power_Draw, Performance_Score, Price) VALUES (2, 'AMD', 'Ryzen 3 1300X', 'AM4', 4, 4, 3.5, 3.7, 65, 3600, 25.0);
INSERT INTO CPU (CPU_ID, Brand, Model, Socket_Type, Core_Count, Thread_Count, Base_Clock, Boost_Clock, Power_Draw, Performance_Score, Price) VALUES (3, 'AMD', 'Ryzen 3 2200G', 'AM4', 4, 4, 3.5, 3.7, 65, 4000, 30.0);
INSERT INTO CPU (CPU_ID, Brand, Model, Socket_Type, Core_Count, Thread_Count, Base_Clock, Boost_Clock, Power_Draw, Performance_Score, Price) VALUES (4, 'AMD', 'Ryzen 3 3100', 'AM4', 4, 8, 3.6, 3.9, 65, 5500, 45.0);
INSERT INTO CPU (CPU_ID, Brand, Model, Socket_Type, Core_Count, Thread_Count, Base_Clock, Boost_Clock, Power_Draw, Performance_Score, Price) VALUES (5, 'AMD', 'Ryzen 3 3300X', 'AM4', 4, 8, 3.8, 4.3, 65, 6200, 60.0);
INSERT INTO CPU (CPU_ID, Brand, Model, Socket_Type, Core_Count, Thread_Count, Base_Clock, Boost_Clock, Power_Draw, Performance_Score, Price) VALUES (6, 'AMD', 'Ryzen 5 1400', 'AM4', 4, 8, 3.2, 3.4, 65, 4200, 30.0);
INSERT INTO CPU (CPU_ID, Brand, Model, Socket_Type, Core_Count, Thread_Count, Base_Clock, Boost_Clock, Power_Draw, Performance_Score, Price) VALUES (7, 'AMD', 'Ryzen 5 1600', 'AM4', 6, 12, 3.2, 3.6, 65, 5200, 40.0);
INSERT INTO CPU (CPU_ID, Brand, Model, Socket_Type, Core_Count, Thread_Count, Base_Clock, Boost_Clock, Power_Draw, Performance_Score, Price) VALUES (8, 'AMD', 'Ryzen 5 1600AF', 'AM4', 6, 12, 3.2, 3.6, 65, 5600, 45.0);
INSERT INTO CPU (CPU_ID, Brand, Model, Socket_Type, Core_Count, Thread_Count, Base_Clock, Boost_Clock, Power_Draw, Performance_Score, Price) VALUES (9, 'AMD', 'Ryzen 5 2600', 'AM4', 6, 12, 3.4, 3.9, 65, 6500, 50.0);
INSERT INTO CPU (CPU_ID, Brand, Model, Socket_Type, Core_Count, Thread_Count, Base_Clock, Boost_Clock, Power_Draw, Performance_Score, Price) VALUES (10, 'AMD', 'Ryzen 5 2600X', 'AM4', 6, 12, 3.6, 4.2, 95, 7000, 55.0);
INSERT INTO CPU (CPU_ID, Brand, Model, Socket_Type, Core_Count, Thread_Count, Base_Clock, Boost_Clock, Power_Draw, Performance_Score, Price) VALUES (11, 'AMD', 'Ryzen 5 3600', 'AM4', 6, 12, 3.6, 4.2, 65, 8500, 60.0);
INSERT INTO CPU (CPU_ID, Brand, Model, Socket_Type, Core_Count, Thread_Count, Base_Clock, Boost_Clock, Power_Draw, Performance_Score, Price) VALUES (12, 'AMD', 'Ryzen 5 3600X', 'AM4', 6, 12, 3.8, 4.4, 95, 9000, 70.0);
INSERT INTO CPU (CPU_ID, Brand, Model, Socket_Type, Core_Count, Thread_Count, Base_Clock, Boost_Clock, Power_Draw, Performance_Score, Price) VALUES (13, 'AMD', 'Ryzen 5 5600', 'AM4', 6, 12, 3.5, 4.4, 65, 11000, 80.0);
INSERT INTO CPU (CPU_ID, Brand, Model, Socket_Type, Core_Count, Thread_Count, Base_Clock, Boost_Clock, Power_Draw, Performance_Score, Price) VALUES (14, 'AMD', 'Ryzen 5 5600X', 'AM4', 6, 12, 3.7, 4.6, 65, 12000, 90.0);
INSERT INTO CPU (CPU_ID, Brand, Model, Socket_Type, Core_Count, Thread_Count, Base_Clock, Boost_Clock, Power_Draw, Performance_Score, Price) VALUES (15, 'AMD', 'Ryzen 7 1700', 'AM4', 8, 16, 3.0, 3.7, 65, 7000, 50.0);
INSERT INTO CPU (CPU_ID, Brand, Model, Socket_Type, Core_Count, Thread_Count, Base_Clock, Boost_Clock, Power_Draw, Performance_Score, Price) VALUES (16, 'AMD', 'Ryzen 7 1700X', 'AM4', 8, 16, 3.4, 3.8, 95, 7400, 60.0);
INSERT INTO CPU (CPU_ID, Brand, Model, Socket_Type, Core_Count, Thread_Count, Base_Clock, Boost_Clock, Power_Draw, Performance_Score, Price) VALUES (17, 'AMD', 'Ryzen 7 1800X', 'AM4', 8, 16, 3.6, 4.0, 95, 7800, 70.0);
INSERT INTO CPU (CPU_ID, Brand, Model, Socket_Type, Core_Count, Thread_Count, Base_Clock, Boost_Clock, Power_Draw, Performance_Score, Price) VALUES (18, 'AMD', 'Ryzen 7 2700', 'AM4', 8, 16, 3.2, 4.1, 65, 8500, 70.0);
INSERT INTO CPU (CPU_ID, Brand, Model, Socket_Type, Core_Count, Thread_Count, Base_Clock, Boost_Clock, Power_Draw, Performance_Score, Price) VALUES (19, 'AMD', 'Ryzen 7 2700X', 'AM4', 8, 16, 3.7, 4.3, 105, 9000, 80.0);
INSERT INTO CPU (CPU_ID, Brand, Model, Socket_Type, Core_Count, Thread_Count, Base_Clock, Boost_Clock, Power_Draw, Performance_Score, Price) VALUES (20, 'AMD', 'Ryzen 7 3700X', 'AM4', 8, 16, 3.6, 4.4, 65, 11000, 100.0);
INSERT INTO CPU (CPU_ID, Brand, Model, Socket_Type, Core_Count, Thread_Count, Base_Clock, Boost_Clock, Power_Draw, Performance_Score, Price) VALUES (21, 'AMD', 'Ryzen 7 3800X', 'AM4', 8, 16, 3.9, 4.5, 105, 11500, 110.0);
INSERT INTO CPU (CPU_ID, Brand, Model, Socket_Type, Core_Count, Thread_Count, Base_Clock, Boost_Clock, Power_Draw, Performance_Score, Price) VALUES (22, 'AMD', 'Ryzen 7 5800X', 'AM4', 8, 16, 3.8, 4.7, 105, 14000, 140.0);
INSERT INTO CPU (CPU_ID, Brand, Model, Socket_Type, Core_Count, Thread_Count, Base_Clock, Boost_Clock, Power_Draw, Performance_Score, Price) VALUES (23, 'AMD', 'Ryzen 7 5800X3D', 'AM4', 8, 16, 3.4, 4.5, 105, 16000, 180.0);
INSERT INTO CPU (CPU_ID, Brand, Model, Socket_Type, Core_Count, Thread_Count, Base_Clock, Boost_Clock, Power_Draw, Performance_Score, Price) VALUES (24, 'AMD', 'Ryzen 9 3900X', 'AM4', 12, 24, 3.8, 4.6, 105, 15000, 150.0);
INSERT INTO CPU (CPU_ID, Brand, Model, Socket_Type, Core_Count, Thread_Count, Base_Clock, Boost_Clock, Power_Draw, Performance_Score, Price) VALUES (25, 'AMD', 'Ryzen 9 3950X', 'AM4', 16, 32, 3.5, 4.7, 105, 17000, 200.0);
INSERT INTO CPU (CPU_ID, Brand, Model, Socket_Type, Core_Count, Thread_Count, Base_Clock, Boost_Clock, Power_Draw, Performance_Score, Price) VALUES (26, 'AMD', 'Ryzen 9 5900X', 'AM4', 12, 24, 3.7, 4.8, 105, 18000, 180.0);
INSERT INTO CPU (CPU_ID, Brand, Model, Socket_Type, Core_Count, Thread_Count, Base_Clock, Boost_Clock, Power_Draw, Performance_Score, Price) VALUES (27, 'AMD', 'Ryzen 9 5950X', 'AM4', 16, 32, 3.4, 4.9, 105, 20000, 220.0);
INSERT INTO CPU (CPU_ID, Brand, Model, Socket_Type, Core_Count, Thread_Count, Base_Clock, Boost_Clock, Power_Draw, Performance_Score, Price) VALUES (28, 'AMD', 'Ryzen 5 7600', 'AM5', 6, 12, 3.8, 5.1, 65, 15000, 140.0);
INSERT INTO CPU (CPU_ID, Brand, Model, Socket_Type, Core_Count, Thread_Count, Base_Clock, Boost_Clock, Power_Draw, Performance_Score, Price) VALUES (29, 'AMD', 'Ryzen 5 7600X', 'AM5', 6, 12, 4.7, 5.3, 105, 16000, 160.0);
INSERT INTO CPU (CPU_ID, Brand, Model, Socket_Type, Core_Count, Thread_Count, Base_Clock, Boost_Clock, Power_Draw, Performance_Score, Price) VALUES (30, 'AMD', 'Ryzen 7 7700', 'AM5', 8, 16, 3.8, 5.3, 65, 18000, 180.0);
INSERT INTO CPU (CPU_ID, Brand, Model, Socket_Type, Core_Count, Thread_Count, Base_Clock, Boost_Clock, Power_Draw, Performance_Score, Price) VALUES (31, 'AMD', 'Ryzen 7 7700X', 'AM5', 8, 16, 4.5, 5.4, 105, 19000, 200.0);
INSERT INTO CPU (CPU_ID, Brand, Model, Socket_Type, Core_Count, Thread_Count, Base_Clock, Boost_Clock, Power_Draw, Performance_Score, Price) VALUES (32, 'AMD', 'Ryzen 7 7800X3D', 'AM5', 8, 16, 4.2, 5.0, 120, 30000, 220.0);
INSERT INTO CPU (CPU_ID, Brand, Model, Socket_Type, Core_Count, Thread_Count, Base_Clock, Boost_Clock, Power_Draw, Performance_Score, Price) VALUES (33, 'AMD', 'Ryzen 9 7900', 'AM5', 12, 24, 3.7, 5.4, 65, 21000, 260.0);
INSERT INTO CPU (CPU_ID, Brand, Model, Socket_Type, Core_Count, Thread_Count, Base_Clock, Boost_Clock, Power_Draw, Performance_Score, Price) VALUES (34, 'AMD', 'Ryzen 9 7900X', 'AM5', 12, 24, 4.7, 5.6, 170, 23000, 300.0);
INSERT INTO CPU (CPU_ID, Brand, Model, Socket_Type, Core_Count, Thread_Count, Base_Clock, Boost_Clock, Power_Draw, Performance_Score, Price) VALUES (35, 'AMD', 'Ryzen 9 7950X', 'AM5', 16, 32, 4.5, 5.7, 170, 26000, 380.0);
INSERT INTO CPU (CPU_ID, Brand, Model, Socket_Type, Core_Count, Thread_Count, Base_Clock, Boost_Clock, Power_Draw, Performance_Score, Price) VALUES (36, 'AMD', 'Ryzen 9 7950X3D', 'AM5', 16, 32, 4.2, 5.7, 170, 28000, 420.0);
INSERT INTO CPU (CPU_ID, Brand, Model, Socket_Type, Core_Count, Thread_Count, Base_Clock, Boost_Clock, Power_Draw, Performance_Score, Price) VALUES (37, 'Intel', 'Core i3-10100', 'LGA1200', 4, 8, 3.6, 4.3, 65, 7000, 45.0);
INSERT INTO CPU (CPU_ID, Brand, Model, Socket_Type, Core_Count, Thread_Count, Base_Clock, Boost_Clock, Power_Draw, Performance_Score, Price) VALUES (38, 'Intel', 'Core i3-10100F', 'LGA1200', 4, 8, 3.6, 4.3, 65, 7100, 40.0);
INSERT INTO CPU (CPU_ID, Brand, Model, Socket_Type, Core_Count, Thread_Count, Base_Clock, Boost_Clock, Power_Draw, Performance_Score, Price) VALUES (39, 'Intel', 'Core i3-10300', 'LGA1200', 4, 8, 3.7, 4.4, 65, 7600, 55.0);
INSERT INTO CPU (CPU_ID, Brand, Model, Socket_Type, Core_Count, Thread_Count, Base_Clock, Boost_Clock, Power_Draw, Performance_Score, Price) VALUES (40, 'Intel', 'Core i3-10320', 'LGA1200', 4, 8, 3.8, 4.6, 65, 7900, 65.0);
INSERT INTO CPU (CPU_ID, Brand, Model, Socket_Type, Core_Count, Thread_Count, Base_Clock, Boost_Clock, Power_Draw, Performance_Score, Price) VALUES (41, 'Intel', 'Core i5-10400', 'LGA1200', 6, 12, 2.9, 4.3, 65, 9000, 55.0);
INSERT INTO CPU (CPU_ID, Brand, Model, Socket_Type, Core_Count, Thread_Count, Base_Clock, Boost_Clock, Power_Draw, Performance_Score, Price) VALUES (42, 'Intel', 'Core i5-10400F', 'LGA1200', 6, 12, 2.9, 4.3, 65, 9100, 50.0);
INSERT INTO CPU (CPU_ID, Brand, Model, Socket_Type, Core_Count, Thread_Count, Base_Clock, Boost_Clock, Power_Draw, Performance_Score, Price) VALUES (43, 'Intel', 'Core i5-10600', 'LGA1200', 6, 12, 3.3, 4.8, 65, 10200, 70.0);
INSERT INTO CPU (CPU_ID, Brand, Model, Socket_Type, Core_Count, Thread_Count, Base_Clock, Boost_Clock, Power_Draw, Performance_Score, Price) VALUES (44, 'Intel', 'Core i5-10600K', 'LGA1200', 6, 12, 4.1, 4.8, 125, 11000, 85.0);
INSERT INTO CPU (CPU_ID, Brand, Model, Socket_Type, Core_Count, Thread_Count, Base_Clock, Boost_Clock, Power_Draw, Performance_Score, Price) VALUES (45, 'Intel', 'Core i7-10700', 'LGA1200', 8, 16, 2.9, 4.8, 65, 12500, 95.0);
INSERT INTO CPU (CPU_ID, Brand, Model, Socket_Type, Core_Count, Thread_Count, Base_Clock, Boost_Clock, Power_Draw, Performance_Score, Price) VALUES (46, 'Intel', 'Core i7-10700F', 'LGA1200', 8, 16, 2.9, 4.8, 65, 12400, 90.0);
INSERT INTO CPU (CPU_ID, Brand, Model, Socket_Type, Core_Count, Thread_Count, Base_Clock, Boost_Clock, Power_Draw, Performance_Score, Price) VALUES (47, 'Intel', 'Core i7-10700K', 'LGA1200', 8, 16, 3.8, 5.1, 125, 13500, 120.0);
INSERT INTO CPU (CPU_ID, Brand, Model, Socket_Type, Core_Count, Thread_Count, Base_Clock, Boost_Clock, Power_Draw, Performance_Score, Price) VALUES (48, 'Intel', 'Core i9-10900', 'LGA1200', 10, 20, 2.8, 5.2, 65, 14500, 130.0);
INSERT INTO CPU (CPU_ID, Brand, Model, Socket_Type, Core_Count, Thread_Count, Base_Clock, Boost_Clock, Power_Draw, Performance_Score, Price) VALUES (49, 'Intel', 'Core i9-10900F', 'LGA1200', 10, 20, 2.8, 5.2, 65, 14400, 125.0);
INSERT INTO CPU (CPU_ID, Brand, Model, Socket_Type, Core_Count, Thread_Count, Base_Clock, Boost_Clock, Power_Draw, Performance_Score, Price) VALUES (50, 'Intel', 'Core i9-10900K', 'LGA1200', 10, 20, 3.7, 5.3, 125, 15500, 150.0);
INSERT INTO CPU (CPU_ID, Brand, Model, Socket_Type, Core_Count, Thread_Count, Base_Clock, Boost_Clock, Power_Draw, Performance_Score, Price) VALUES (51, 'Intel', 'Core i3-11100', 'LGA1200', 4, 8, 3.6, 4.4, 65, 7800, 60.0);
INSERT INTO CPU (CPU_ID, Brand, Model, Socket_Type, Core_Count, Thread_Count, Base_Clock, Boost_Clock, Power_Draw, Performance_Score, Price) VALUES (52, 'Intel', 'Core i3-11100F', 'LGA1200', 4, 8, 3.6, 4.4, 65, 7850, 55.0);
INSERT INTO CPU (CPU_ID, Brand, Model, Socket_Type, Core_Count, Thread_Count, Base_Clock, Boost_Clock, Power_Draw, Performance_Score, Price) VALUES (53, 'Intel', 'Core i5-11400', 'LGA1200', 6, 12, 2.6, 4.4, 65, 9800, 65.0);
INSERT INTO CPU (CPU_ID, Brand, Model, Socket_Type, Core_Count, Thread_Count, Base_Clock, Boost_Clock, Power_Draw, Performance_Score, Price) VALUES (54, 'Intel', 'Core i5-11400F', 'LGA1200', 6, 12, 2.6, 4.4, 65, 9900, 60.0);
INSERT INTO CPU (CPU_ID, Brand, Model, Socket_Type, Core_Count, Thread_Count, Base_Clock, Boost_Clock, Power_Draw, Performance_Score, Price) VALUES (55, 'Intel', 'Core i5-11600K', 'LGA1200', 6, 12, 3.9, 4.9, 125, 11200, 90.0);
INSERT INTO CPU (CPU_ID, Brand, Model, Socket_Type, Core_Count, Thread_Count, Base_Clock, Boost_Clock, Power_Draw, Performance_Score, Price) VALUES (56, 'Intel', 'Core i7-11700', 'LGA1200', 8, 16, 2.5, 4.9, 65, 13000, 105.0);
INSERT INTO CPU (CPU_ID, Brand, Model, Socket_Type, Core_Count, Thread_Count, Base_Clock, Boost_Clock, Power_Draw, Performance_Score, Price) VALUES (57, 'Intel', 'Core i7-11700F', 'LGA1200', 8, 16, 2.5, 4.9, 65, 12900, 100.0);
INSERT INTO CPU (CPU_ID, Brand, Model, Socket_Type, Core_Count, Thread_Count, Base_Clock, Boost_Clock, Power_Draw, Performance_Score, Price) VALUES (58, 'Intel', 'Core i7-11700K', 'LGA1200', 8, 16, 3.6, 5.0, 125, 13800, 130.0);
INSERT INTO CPU (CPU_ID, Brand, Model, Socket_Type, Core_Count, Thread_Count, Base_Clock, Boost_Clock, Power_Draw, Performance_Score, Price) VALUES (59, 'Intel', 'Core i9-11900', 'LGA1200', 8, 16, 2.5, 5.2, 65, 14200, 135.0);
INSERT INTO CPU (CPU_ID, Brand, Model, Socket_Type, Core_Count, Thread_Count, Base_Clock, Boost_Clock, Power_Draw, Performance_Score, Price) VALUES (60, 'Intel', 'Core i9-11900F', 'LGA1200', 8, 16, 2.5, 5.2, 65, 14100, 130.0);
INSERT INTO CPU (CPU_ID, Brand, Model, Socket_Type, Core_Count, Thread_Count, Base_Clock, Boost_Clock, Power_Draw, Performance_Score, Price) VALUES (61, 'Intel', 'Core i9-11900K', 'LGA1200', 8, 16, 3.5, 5.3, 125, 15000, 160.0);
INSERT INTO CPU (CPU_ID, Brand, Model, Socket_Type, Core_Count, Thread_Count, Base_Clock, Boost_Clock, Power_Draw, Performance_Score, Price) VALUES (62, 'Intel', 'Core i3-12100', 'LGA1700', 4, 8, 3.3, 4.3, 60, 9800, 70.0);
INSERT INTO CPU (CPU_ID, Brand, Model, Socket_Type, Core_Count, Thread_Count, Base_Clock, Boost_Clock, Power_Draw, Performance_Score, Price) VALUES (63, 'Intel', 'Core i3-12100F', 'LGA1700', 4, 8, 3.3, 4.3, 58, 9900, 65.0);
INSERT INTO CPU (CPU_ID, Brand, Model, Socket_Type, Core_Count, Thread_Count, Base_Clock, Boost_Clock, Power_Draw, Performance_Score, Price) VALUES (64, 'Intel', 'Core i3-12300', 'LGA1700', 4, 8, 3.5, 4.4, 60, 10300, 80.0);
INSERT INTO CPU (CPU_ID, Brand, Model, Socket_Type, Core_Count, Thread_Count, Base_Clock, Boost_Clock, Power_Draw, Performance_Score, Price) VALUES (65, 'Intel', 'Core i3-12300T', 'LGA1700', 4, 8, 3.0, 4.2, 35, 9400, 75.0);
INSERT INTO CPU (CPU_ID, Brand, Model, Socket_Type, Core_Count, Thread_Count, Base_Clock, Boost_Clock, Power_Draw, Performance_Score, Price) VALUES (66, 'Intel', 'Core i5-12400', 'LGA1700', 6, 12, 2.5, 4.4, 65, 12000, 90.0);
INSERT INTO CPU (CPU_ID, Brand, Model, Socket_Type, Core_Count, Thread_Count, Base_Clock, Boost_Clock, Power_Draw, Performance_Score, Price) VALUES (67, 'Intel', 'Core i5-12400F', 'LGA1700', 6, 12, 2.5, 4.4, 65, 12100, 85.0);
INSERT INTO CPU (CPU_ID, Brand, Model, Socket_Type, Core_Count, Thread_Count, Base_Clock, Boost_Clock, Power_Draw, Performance_Score, Price) VALUES (68, 'Intel', 'Core i5-12500', 'LGA1700', 6, 12, 3.0, 4.6, 65, 12700, 110.0);
INSERT INTO CPU (CPU_ID, Brand, Model, Socket_Type, Core_Count, Thread_Count, Base_Clock, Boost_Clock, Power_Draw, Performance_Score, Price) VALUES (69, 'Intel', 'Core i5-12600K', 'LGA1700', 10, 16, 3.7, 4.9, 125, 15500, 130.0);
INSERT INTO CPU (CPU_ID, Brand, Model, Socket_Type, Core_Count, Thread_Count, Base_Clock, Boost_Clock, Power_Draw, Performance_Score, Price) VALUES (70, 'Intel', 'Core i7-12700', 'LGA1700', 12, 20, 2.1, 4.9, 65, 18000, 160.0);
INSERT INTO CPU (CPU_ID, Brand, Model, Socket_Type, Core_Count, Thread_Count, Base_Clock, Boost_Clock, Power_Draw, Performance_Score, Price) VALUES (71, 'Intel', 'Core i7-12700F', 'LGA1700', 12, 20, 2.1, 4.9, 65, 17900, 150.0);
INSERT INTO CPU (CPU_ID, Brand, Model, Socket_Type, Core_Count, Thread_Count, Base_Clock, Boost_Clock, Power_Draw, Performance_Score, Price) VALUES (72, 'Intel', 'Core i7-12700K', 'LGA1700', 12, 20, 3.6, 5.0, 125, 19000, 180.0);
INSERT INTO CPU (CPU_ID, Brand, Model, Socket_Type, Core_Count, Thread_Count, Base_Clock, Boost_Clock, Power_Draw, Performance_Score, Price) VALUES (73, 'Intel', 'Core i9-12900', 'LGA1700', 16, 24, 2.4, 5.1, 65, 21000, 210.0);
INSERT INTO CPU (CPU_ID, Brand, Model, Socket_Type, Core_Count, Thread_Count, Base_Clock, Boost_Clock, Power_Draw, Performance_Score, Price) VALUES (74, 'Intel', 'Core i9-12900F', 'LGA1700', 16, 24, 2.4, 5.1, 65, 20900, 200.0);
INSERT INTO CPU (CPU_ID, Brand, Model, Socket_Type, Core_Count, Thread_Count, Base_Clock, Boost_Clock, Power_Draw, Performance_Score, Price) VALUES (75, 'Intel', 'Core i9-12900K', 'LGA1700', 16, 24, 3.2, 5.2, 125, 22000, 230.0);
INSERT INTO CPU (CPU_ID, Brand, Model, Socket_Type, Core_Count, Thread_Count, Base_Clock, Boost_Clock, Power_Draw, Performance_Score, Price) VALUES (76, 'Intel', 'Core i3-13100', 'LGA1700', 4, 8, 3.4, 4.5, 60, 10500, 80.0);
INSERT INTO CPU (CPU_ID, Brand, Model, Socket_Type, Core_Count, Thread_Count, Base_Clock, Boost_Clock, Power_Draw, Performance_Score, Price) VALUES (77, 'Intel', 'Core i3-13100F', 'LGA1700', 4, 8, 3.4, 4.5, 58, 10600, 75.0);
INSERT INTO CPU (CPU_ID, Brand, Model, Socket_Type, Core_Count, Thread_Count, Base_Clock, Boost_Clock, Power_Draw, Performance_Score, Price) VALUES (78, 'Intel', 'Core i5-13400', 'LGA1700', 10, 16, 2.5, 4.6, 65, 15000, 120.0);
INSERT INTO CPU (CPU_ID, Brand, Model, Socket_Type, Core_Count, Thread_Count, Base_Clock, Boost_Clock, Power_Draw, Performance_Score, Price) VALUES (79, 'Intel', 'Core i5-13400F', 'LGA1700', 10, 16, 2.5, 4.6, 65, 15100, 110.0);
INSERT INTO CPU (CPU_ID, Brand, Model, Socket_Type, Core_Count, Thread_Count, Base_Clock, Boost_Clock, Power_Draw, Performance_Score, Price) VALUES (80, 'Intel', 'Core i5-13500', 'LGA1700', 14, 20, 2.5, 4.8, 65, 16500, 145.0);
INSERT INTO CPU (CPU_ID, Brand, Model, Socket_Type, Core_Count, Thread_Count, Base_Clock, Boost_Clock, Power_Draw, Performance_Score, Price) VALUES (81, 'Intel', 'Core i5-13600K', 'LGA1700', 14, 20, 3.5, 5.1, 125, 19500, 180.0);
INSERT INTO CPU (CPU_ID, Brand, Model, Socket_Type, Core_Count, Thread_Count, Base_Clock, Boost_Clock, Power_Draw, Performance_Score, Price) VALUES (82, 'Intel', 'Core i7-13700', 'LGA1700', 16, 24, 2.1, 5.2, 65, 30000, 220.0);
INSERT INTO CPU (CPU_ID, Brand, Model, Socket_Type, Core_Count, Thread_Count, Base_Clock, Boost_Clock, Power_Draw, Performance_Score, Price) VALUES (83, 'Intel', 'Core i7-13700F', 'LGA1700', 16, 24, 2.1, 5.2, 65, 21900, 210.0);
INSERT INTO CPU (CPU_ID, Brand, Model, Socket_Type, Core_Count, Thread_Count, Base_Clock, Boost_Clock, Power_Draw, Performance_Score, Price) VALUES (84, 'Intel', 'Core i7-13700K', 'LGA1700', 16, 24, 3.4, 5.4, 125, 23500, 250.0);
INSERT INTO CPU (CPU_ID, Brand, Model, Socket_Type, Core_Count, Thread_Count, Base_Clock, Boost_Clock, Power_Draw, Performance_Score, Price) VALUES (85, 'Intel', 'Core i9-13900', 'LGA1700', 24, 32, 2.0, 5.6, 65, 26000, 300.0);
INSERT INTO CPU (CPU_ID, Brand, Model, Socket_Type, Core_Count, Thread_Count, Base_Clock, Boost_Clock, Power_Draw, Performance_Score, Price) VALUES (86, 'Intel', 'Core i9-13900F', 'LGA1700', 24, 32, 2.0, 5.6, 65, 25900, 290.0);
INSERT INTO CPU (CPU_ID, Brand, Model, Socket_Type, Core_Count, Thread_Count, Base_Clock, Boost_Clock, Power_Draw, Performance_Score, Price) VALUES (87, 'Intel', 'Core i9-13900K', 'LGA1700', 24, 32, 3.0, 5.8, 125, 27500, 340.0);
INSERT INTO CPU (CPU_ID, Brand, Model, Socket_Type, Core_Count, Thread_Count, Base_Clock, Boost_Clock, Power_Draw, Performance_Score, Price) VALUES (88, 'Intel', 'Core i3-14100', 'LGA1700', 4, 8, 3.5, 4.7, 60, 10800, 95.0);
INSERT INTO CPU (CPU_ID, Brand, Model, Socket_Type, Core_Count, Thread_Count, Base_Clock, Boost_Clock, Power_Draw, Performance_Score, Price) VALUES (89, 'Intel', 'Core i3-14100F', 'LGA1700', 4, 8, 3.5, 4.7, 58, 10900, 90.0);
INSERT INTO CPU (CPU_ID, Brand, Model, Socket_Type, Core_Count, Thread_Count, Base_Clock, Boost_Clock, Power_Draw, Performance_Score, Price) VALUES (90, 'Intel', 'Core i5-14400', 'LGA1700', 10, 16, 2.5, 4.7, 65, 15600, 145.0);
INSERT INTO CPU (CPU_ID, Brand, Model, Socket_Type, Core_Count, Thread_Count, Base_Clock, Boost_Clock, Power_Draw, Performance_Score, Price) VALUES (91, 'Intel', 'Core i5-14400F', 'LGA1700', 10, 16, 2.5, 4.7, 65, 15700, 135.0);
INSERT INTO CPU (CPU_ID, Brand, Model, Socket_Type, Core_Count, Thread_Count, Base_Clock, Boost_Clock, Power_Draw, Performance_Score, Price) VALUES (92, 'Intel', 'Core i5-14600K', 'LGA1700', 14, 20, 3.5, 5.3, 125, 20500, 220.0);
INSERT INTO CPU (CPU_ID, Brand, Model, Socket_Type, Core_Count, Thread_Count, Base_Clock, Boost_Clock, Power_Draw, Performance_Score, Price) VALUES (93, 'Intel', 'Core i7-14700', 'LGA1700', 20, 28, 2.1, 5.4, 65, 24500, 280.0);
INSERT INTO CPU (CPU_ID, Brand, Model, Socket_Type, Core_Count, Thread_Count, Base_Clock, Boost_Clock, Power_Draw, Performance_Score, Price) VALUES (94, 'Intel', 'Core i7-14700F', 'LGA1700', 20, 28, 2.1, 5.4, 65, 24400, 270.0);
INSERT INTO CPU (CPU_ID, Brand, Model, Socket_Type, Core_Count, Thread_Count, Base_Clock, Boost_Clock, Power_Draw, Performance_Score, Price) VALUES (95, 'Intel', 'Core i7-14700K', 'LGA1700', 20, 28, 3.4, 5.6, 125, 26000, 320.0);
INSERT INTO CPU (CPU_ID, Brand, Model, Socket_Type, Core_Count, Thread_Count, Base_Clock, Boost_Clock, Power_Draw, Performance_Score, Price) VALUES (96, 'Intel', 'Core i9-14900', 'LGA1700', 24, 32, 2.0, 5.8, 65, 28200, 380.0);
INSERT INTO CPU (CPU_ID, Brand, Model, Socket_Type, Core_Count, Thread_Count, Base_Clock, Boost_Clock, Power_Draw, Performance_Score, Price) VALUES (97, 'Intel', 'Core i9-14900F', 'LGA1700', 24, 32, 2.0, 5.8, 65, 28100, 365.0);
INSERT INTO CPU (CPU_ID, Brand, Model, Socket_Type, Core_Count, Thread_Count, Base_Clock, Boost_Clock, Power_Draw, Performance_Score, Price) VALUES (98, 'Intel', 'Core i9-14900K', 'LGA1700', 24, 32, 3.2, 6.0, 125, 29500, 430.0);

-- GPU (98 records)
INSERT INTO GPU (GPU_ID, Brand, Model, PCIE_Version, Power_Draw, VRAM, Performance_Score, Price) VALUES (1, 'NVIDIA', 'GeForce GTX 1050', 'PCIe 3.0', 110, 2, 3200, 40.0);
INSERT INTO GPU (GPU_ID, Brand, Model, PCIE_Version, Power_Draw, VRAM, Performance_Score, Price) VALUES (2, 'NVIDIA', 'GeForce GTX 1050 Ti', 'PCIe 3.0', 120, 4, 4000, 50.0);
INSERT INTO GPU (GPU_ID, Brand, Model, PCIE_Version, Power_Draw, VRAM, Performance_Score, Price) VALUES (3, 'NVIDIA', 'GeForce GTX 1060 3GB', 'PCIe 3.0', 180, 3, 5000, 50.0);
INSERT INTO GPU (GPU_ID, Brand, Model, PCIE_Version, Power_Draw, VRAM, Performance_Score, Price) VALUES (4, 'NVIDIA', 'GeForce GTX 1060 6GB', 'PCIe 3.0', 190, 6, 5800, 60.0);
INSERT INTO GPU (GPU_ID, Brand, Model, PCIE_Version, Power_Draw, VRAM, Performance_Score, Price) VALUES (5, 'NVIDIA', 'GeForce GTX 1070', 'PCIe 3.0', 230, 8, 7600, 85.0);
INSERT INTO GPU (GPU_ID, Brand, Model, PCIE_Version, Power_Draw, VRAM, Performance_Score, Price) VALUES (6, 'NVIDIA', 'GeForce GTX 1070 Ti', 'PCIe 3.0', 270, 8, 8400, 100.0);
INSERT INTO GPU (GPU_ID, Brand, Model, PCIE_Version, Power_Draw, VRAM, Performance_Score, Price) VALUES (7, 'NVIDIA', 'GeForce GTX 1080', 'PCIe 3.0', 270, 8, 9000, 110.0);
INSERT INTO GPU (GPU_ID, Brand, Model, PCIE_Version, Power_Draw, VRAM, Performance_Score, Price) VALUES (8, 'NVIDIA', 'GeForce GTX 1080 Ti', 'PCIe 3.0', 375, 11, 11200, 140.0);
INSERT INTO GPU (GPU_ID, Brand, Model, PCIE_Version, Power_Draw, VRAM, Performance_Score, Price) VALUES (9, 'NVIDIA', 'GeForce GTX 1630', 'PCIe 3.0', 110, 4, 3000, 35.0);
INSERT INTO GPU (GPU_ID, Brand, Model, PCIE_Version, Power_Draw, VRAM, Performance_Score, Price) VALUES (10, 'NVIDIA', 'GeForce GTX 1650', 'PCIe 3.0', 120, 4, 4300, 55.0);
INSERT INTO GPU (GPU_ID, Brand, Model, PCIE_Version, Power_Draw, VRAM, Performance_Score, Price) VALUES (11, 'NVIDIA', 'GeForce GTX 1650 GDDR6', 'PCIe 3.0', 120, 4, 4500, 60.0);
INSERT INTO GPU (GPU_ID, Brand, Model, PCIE_Version, Power_Draw, VRAM, Performance_Score, Price) VALUES (12, 'NVIDIA', 'GeForce GTX 1650 SUPER', 'PCIe 3.0', 160, 4, 5400, 70.0);
INSERT INTO GPU (GPU_ID, Brand, Model, PCIE_Version, Power_Draw, VRAM, Performance_Score, Price) VALUES (13, 'NVIDIA', 'GeForce GTX 1660', 'PCIe 3.0', 180, 6, 6200, 80.0);
INSERT INTO GPU (GPU_ID, Brand, Model, PCIE_Version, Power_Draw, VRAM, Performance_Score, Price) VALUES (14, 'NVIDIA', 'GeForce GTX 1660 SUPER', 'PCIe 3.0', 190, 6, 6900, 95.0);
INSERT INTO GPU (GPU_ID, Brand, Model, PCIE_Version, Power_Draw, VRAM, Performance_Score, Price) VALUES (15, 'NVIDIA', 'GeForce GTX 1660 Ti', 'PCIe 3.0', 185, 6, 7200, 100.0);
INSERT INTO GPU (GPU_ID, Brand, Model, PCIE_Version, Power_Draw, VRAM, Performance_Score, Price) VALUES (16, 'NVIDIA', 'GeForce RTX 2060', 'PCIe 3.0', 250, 6, 8400, 110.0);
INSERT INTO GPU (GPU_ID, Brand, Model, PCIE_Version, Power_Draw, VRAM, Performance_Score, Price) VALUES (17, 'NVIDIA', 'GeForce RTX 2060 12GB', 'PCIe 3.0', 280, 12, 9000, 130.0);
INSERT INTO GPU (GPU_ID, Brand, Model, PCIE_Version, Power_Draw, VRAM, Performance_Score, Price) VALUES (18, 'NVIDIA', 'GeForce RTX 2060 SUPER', 'PCIe 3.0', 280, 8, 9800, 140.0);
INSERT INTO GPU (GPU_ID, Brand, Model, PCIE_Version, Power_Draw, VRAM, Performance_Score, Price) VALUES (19, 'NVIDIA', 'GeForce RTX 2070', 'PCIe 3.0', 280, 8, 10300, 145.0);
INSERT INTO GPU (GPU_ID, Brand, Model, PCIE_Version, Power_Draw, VRAM, Performance_Score, Price) VALUES (20, 'NVIDIA', 'GeForce RTX 2070 SUPER', 'PCIe 3.0', 340, 8, 11200, 160.0);
INSERT INTO GPU (GPU_ID, Brand, Model, PCIE_Version, Power_Draw, VRAM, Performance_Score, Price) VALUES (21, 'NVIDIA', 'GeForce RTX 2080', 'PCIe 3.0', 340, 8, 11800, 175.0);
INSERT INTO GPU (GPU_ID, Brand, Model, PCIE_Version, Power_Draw, VRAM, Performance_Score, Price) VALUES (22, 'NVIDIA', 'GeForce RTX 2080 SUPER', 'PCIe 3.0', 390, 8, 12500, 190.0);
INSERT INTO GPU (GPU_ID, Brand, Model, PCIE_Version, Power_Draw, VRAM, Performance_Score, Price) VALUES (23, 'NVIDIA', 'GeForce RTX 2080 Ti', 'PCIe 3.0', 420, 11, 14500, 230.0);
INSERT INTO GPU (GPU_ID, Brand, Model, PCIE_Version, Power_Draw, VRAM, Performance_Score, Price) VALUES (24, 'NVIDIA', 'GeForce RTX 3050 8GB', 'PCIe 4.0', 210, 8, 8600, 140.0);
INSERT INTO GPU (GPU_ID, Brand, Model, PCIE_Version, Power_Draw, VRAM, Performance_Score, Price) VALUES (25, 'NVIDIA', 'GeForce RTX 3060', 'PCIe 4.0', 270, 12, 10800, 170.0);
INSERT INTO GPU (GPU_ID, Brand, Model, PCIE_Version, Power_Draw, VRAM, Performance_Score, Price) VALUES (26, 'NVIDIA', 'GeForce RTX 3060 Ti', 'PCIe 4.0', 320, 8, 13200, 180.0);
INSERT INTO GPU (GPU_ID, Brand, Model, PCIE_Version, Power_Draw, VRAM, Performance_Score, Price) VALUES (27, 'NVIDIA', 'GeForce RTX 3070', 'PCIe 4.0', 350, 8, 14500, 190.0);
INSERT INTO GPU (GPU_ID, Brand, Model, PCIE_Version, Power_Draw, VRAM, Performance_Score, Price) VALUES (28, 'NVIDIA', 'GeForce RTX 3070 Ti', 'PCIe 4.0', 450, 8, 15700, 220.0);
INSERT INTO GPU (GPU_ID, Brand, Model, PCIE_Version, Power_Draw, VRAM, Performance_Score, Price) VALUES (29, 'NVIDIA', 'GeForce RTX 3080 10GB', 'PCIe 4.0', 500, 10, 18000, 260.0);
INSERT INTO GPU (GPU_ID, Brand, Model, PCIE_Version, Power_Draw, VRAM, Performance_Score, Price) VALUES (30, 'NVIDIA', 'GeForce RTX 3080 12GB', 'PCIe 4.0', 550, 12, 19000, 290.0);
INSERT INTO GPU (GPU_ID, Brand, Model, PCIE_Version, Power_Draw, VRAM, Performance_Score, Price) VALUES (31, 'NVIDIA', 'GeForce RTX 3080 Ti', 'PCIe 4.0', 560, 12, 20500, 340.0);
INSERT INTO GPU (GPU_ID, Brand, Model, PCIE_Version, Power_Draw, VRAM, Performance_Score, Price) VALUES (32, 'NVIDIA', 'GeForce RTX 3090', 'PCIe 4.0', 600, 24, 21500, 420.0);
INSERT INTO GPU (GPU_ID, Brand, Model, PCIE_Version, Power_Draw, VRAM, Performance_Score, Price) VALUES (33, 'NVIDIA', 'GeForce RTX 3090 Ti', 'PCIe 4.0', 750, 24, 23000, 500.0);
INSERT INTO GPU (GPU_ID, Brand, Model, PCIE_Version, Power_Draw, VRAM, Performance_Score, Price) VALUES (34, 'NVIDIA', 'GeForce RTX 4060', 'PCIe 4.0', 180, 8, 13800, 220.0);
INSERT INTO GPU (GPU_ID, Brand, Model, PCIE_Version, Power_Draw, VRAM, Performance_Score, Price) VALUES (35, 'NVIDIA', 'GeForce RTX 4060 Ti 8GB', 'PCIe 4.0', 250, 8, 16000, 260.0);
INSERT INTO GPU (GPU_ID, Brand, Model, PCIE_Version, Power_Draw, VRAM, Performance_Score, Price) VALUES (36, 'NVIDIA', 'GeForce RTX 4060 Ti 16GB', 'PCIe 4.0', 260, 16, 16300, 290.0);
INSERT INTO GPU (GPU_ID, Brand, Model, PCIE_Version, Power_Draw, VRAM, Performance_Score, Price) VALUES (37, 'NVIDIA', 'GeForce RTX 4070', 'PCIe 4.0', 320, 12, 19000, 330.0);
INSERT INTO GPU (GPU_ID, Brand, Model, PCIE_Version, Power_Draw, VRAM, Performance_Score, Price) VALUES (38, 'NVIDIA', 'GeForce RTX 4070 SUPER', 'PCIe 4.0', 350, 12, 20800, 380.0);
INSERT INTO GPU (GPU_ID, Brand, Model, PCIE_Version, Power_Draw, VRAM, Performance_Score, Price) VALUES (39, 'NVIDIA', 'GeForce RTX 4070 Ti', 'PCIe 4.0', 450, 12, 22000, 450.0);
INSERT INTO GPU (GPU_ID, Brand, Model, PCIE_Version, Power_Draw, VRAM, Performance_Score, Price) VALUES (40, 'NVIDIA', 'GeForce RTX 4070 Ti SUPER', 'PCIe 4.0', 450, 16, 23500, 520.0);
INSERT INTO GPU (GPU_ID, Brand, Model, PCIE_Version, Power_Draw, VRAM, Performance_Score, Price) VALUES (41, 'NVIDIA', 'GeForce RTX 4080', 'PCIe 4.0', 550, 16, 25500, 620.0);
INSERT INTO GPU (GPU_ID, Brand, Model, PCIE_Version, Power_Draw, VRAM, Performance_Score, Price) VALUES (42, 'NVIDIA', 'GeForce RTX 4080 SUPER', 'PCIe 4.0', 550, 16, 26500, 700.0);
INSERT INTO GPU (GPU_ID, Brand, Model, PCIE_Version, Power_Draw, VRAM, Performance_Score, Price) VALUES (43, 'NVIDIA', 'GeForce RTX 4090', 'PCIe 4.0', 700, 24, 32000, 1100.0);
INSERT INTO GPU (GPU_ID, Brand, Model, PCIE_Version, Power_Draw, VRAM, Performance_Score, Price) VALUES (44, 'NVIDIA', 'GeForce RTX 5050', 'PCIe 5.0', 210, 8, 14500, 220.0);
INSERT INTO GPU (GPU_ID, Brand, Model, PCIE_Version, Power_Draw, VRAM, Performance_Score, Price) VALUES (45, 'NVIDIA', 'GeForce RTX 5060', 'PCIe 5.0', 240, 8, 17500, 260.0);
INSERT INTO GPU (GPU_ID, Brand, Model, PCIE_Version, Power_Draw, VRAM, Performance_Score, Price) VALUES (46, 'NVIDIA', 'GeForce RTX 5060 Ti 8GB', 'PCIe 5.0', 300, 8, 19500, 320.0);
INSERT INTO GPU (GPU_ID, Brand, Model, PCIE_Version, Power_Draw, VRAM, Performance_Score, Price) VALUES (47, 'NVIDIA', 'GeForce RTX 5060 Ti 16GB', 'PCIe 5.0', 300, 16, 20200, 360.0);
INSERT INTO GPU (GPU_ID, Brand, Model, PCIE_Version, Power_Draw, VRAM, Performance_Score, Price) VALUES (48, 'NVIDIA', 'GeForce RTX 5070', 'PCIe 5.0', 420, 12, 22500, 470.0);
INSERT INTO GPU (GPU_ID, Brand, Model, PCIE_Version, Power_Draw, VRAM, Performance_Score, Price) VALUES (49, 'NVIDIA', 'GeForce RTX 5070 Ti', 'PCIe 5.0', 500, 16, 25000, 650.0);
INSERT INTO GPU (GPU_ID, Brand, Model, PCIE_Version, Power_Draw, VRAM, Performance_Score, Price) VALUES (50, 'NVIDIA', 'GeForce RTX 5080', 'PCIe 5.0', 700, 16, 28500, 950.0);
INSERT INTO GPU (GPU_ID, Brand, Model, PCIE_Version, Power_Draw, VRAM, Performance_Score, Price) VALUES (51, 'NVIDIA', 'GeForce RTX 5090', 'PCIe 5.0', 900, 32, 36000, 1800.0);
INSERT INTO GPU (GPU_ID, Brand, Model, PCIE_Version, Power_Draw, VRAM, Performance_Score, Price) VALUES (52, 'AMD', 'Radeon RX 460', 'PCIe 3.0', 110, 2, 2800, 30.0);
INSERT INTO GPU (GPU_ID, Brand, Model, PCIE_Version, Power_Draw, VRAM, Performance_Score, Price) VALUES (53, 'AMD', 'Radeon RX 460 4GB', 'PCIe 3.0', 110, 4, 3200, 35.0);
INSERT INTO GPU (GPU_ID, Brand, Model, PCIE_Version, Power_Draw, VRAM, Performance_Score, Price) VALUES (54, 'AMD', 'Radeon RX 470', 'PCIe 3.0', 190, 4, 4700, 45.0);
INSERT INTO GPU (GPU_ID, Brand, Model, PCIE_Version, Power_Draw, VRAM, Performance_Score, Price) VALUES (55, 'AMD', 'Radeon RX 470 8GB', 'PCIe 3.0', 190, 8, 5000, 50.0);
INSERT INTO GPU (GPU_ID, Brand, Model, PCIE_Version, Power_Draw, VRAM, Performance_Score, Price) VALUES (56, 'AMD', 'Radeon RX 480 4GB', 'PCIe 3.0', 240, 4, 5600, 55.0);
INSERT INTO GPU (GPU_ID, Brand, Model, PCIE_Version, Power_Draw, VRAM, Performance_Score, Price) VALUES (57, 'AMD', 'Radeon RX 480 8GB', 'PCIe 3.0', 240, 8, 6000, 60.0);
INSERT INTO GPU (GPU_ID, Brand, Model, PCIE_Version, Power_Draw, VRAM, Performance_Score, Price) VALUES (58, 'AMD', 'Radeon RX 550 2GB', 'PCIe 3.0', 70, 2, 2200, 25.0);
INSERT INTO GPU (GPU_ID, Brand, Model, PCIE_Version, Power_Draw, VRAM, Performance_Score, Price) VALUES (59, 'AMD', 'Radeon RX 550 4GB', 'PCIe 3.0', 70, 4, 2500, 30.0);
INSERT INTO GPU (GPU_ID, Brand, Model, PCIE_Version, Power_Draw, VRAM, Performance_Score, Price) VALUES (60, 'AMD', 'Radeon RX 560 2GB', 'PCIe 3.0', 120, 2, 2800, 30.0);
INSERT INTO GPU (GPU_ID, Brand, Model, PCIE_Version, Power_Draw, VRAM, Performance_Score, Price) VALUES (61, 'AMD', 'Radeon RX 560 4GB', 'PCIe 3.0', 120, 4, 3200, 35.0);
INSERT INTO GPU (GPU_ID, Brand, Model, PCIE_Version, Power_Draw, VRAM, Performance_Score, Price) VALUES (62, 'AMD', 'Radeon RX 570 4GB', 'PCIe 3.0', 240, 4, 5200, 45.0);
INSERT INTO GPU (GPU_ID, Brand, Model, PCIE_Version, Power_Draw, VRAM, Performance_Score, Price) VALUES (63, 'AMD', 'Radeon RX 570 8GB', 'PCIe 3.0', 240, 8, 5600, 50.0);
INSERT INTO GPU (GPU_ID, Brand, Model, PCIE_Version, Power_Draw, VRAM, Performance_Score, Price) VALUES (64, 'AMD', 'Radeon RX 580 4GB', 'PCIe 3.0', 300, 4, 5900, 50.0);
INSERT INTO GPU (GPU_ID, Brand, Model, PCIE_Version, Power_Draw, VRAM, Performance_Score, Price) VALUES (65, 'AMD', 'Radeon RX 580 8GB', 'PCIe 3.0', 300, 8, 6400, 60.0);
INSERT INTO GPU (GPU_ID, Brand, Model, PCIE_Version, Power_Draw, VRAM, Performance_Score, Price) VALUES (66, 'AMD', 'Radeon RX 590', 'PCIe 3.0', 360, 8, 7000, 70.0);
INSERT INTO GPU (GPU_ID, Brand, Model, PCIE_Version, Power_Draw, VRAM, Performance_Score, Price) VALUES (67, 'AMD', 'Radeon RX Vega 56', 'PCIe 3.0', 340, 8, 8200, 85.0);
INSERT INTO GPU (GPU_ID, Brand, Model, PCIE_Version, Power_Draw, VRAM, Performance_Score, Price) VALUES (68, 'AMD', 'Radeon RX Vega 64', 'PCIe 3.0', 470, 8, 9200, 100.0);
INSERT INTO GPU (GPU_ID, Brand, Model, PCIE_Version, Power_Draw, VRAM, Performance_Score, Price) VALUES (69, 'AMD', 'Radeon RX 5500 XT 4GB', 'PCIe 4.0', 210, 4, 6500, 80.0);
INSERT INTO GPU (GPU_ID, Brand, Model, PCIE_Version, Power_Draw, VRAM, Performance_Score, Price) VALUES (70, 'AMD', 'Radeon RX 5500 XT 8GB', 'PCIe 4.0', 210, 8, 7000, 90.0);
INSERT INTO GPU (GPU_ID, Brand, Model, PCIE_Version, Power_Draw, VRAM, Performance_Score, Price) VALUES (71, 'AMD', 'Radeon RX 5600 XT', 'PCIe 4.0', 240, 6, 9000, 120.0);
INSERT INTO GPU (GPU_ID, Brand, Model, PCIE_Version, Power_Draw, VRAM, Performance_Score, Price) VALUES (72, 'AMD', 'Radeon RX 5700', 'PCIe 4.0', 290, 8, 9800, 130.0);
INSERT INTO GPU (GPU_ID, Brand, Model, PCIE_Version, Power_Draw, VRAM, Performance_Score, Price) VALUES (73, 'AMD', 'Radeon RX 5700 XT', 'PCIe 4.0', 360, 8, 11000, 150.0);
INSERT INTO GPU (GPU_ID, Brand, Model, PCIE_Version, Power_Draw, VRAM, Performance_Score, Price) VALUES (74, 'AMD', 'Radeon RX 6400', 'PCIe 4.0', 85, 4, 5200, 80.0);
INSERT INTO GPU (GPU_ID, Brand, Model, PCIE_Version, Power_Draw, VRAM, Performance_Score, Price) VALUES (75, 'AMD', 'Radeon RX 6500 XT', 'PCIe 4.0', 170, 4, 6800, 95.0);
INSERT INTO GPU (GPU_ID, Brand, Model, PCIE_Version, Power_Draw, VRAM, Performance_Score, Price) VALUES (76, 'AMD', 'Radeon RX 6600', 'PCIe 4.0', 210, 8, 11000, 140.0);
INSERT INTO GPU (GPU_ID, Brand, Model, PCIE_Version, Power_Draw, VRAM, Performance_Score, Price) VALUES (77, 'AMD', 'Radeon RX 6600 XT', 'PCIe 4.0', 260, 8, 12500, 160.0);
INSERT INTO GPU (GPU_ID, Brand, Model, PCIE_Version, Power_Draw, VRAM, Performance_Score, Price) VALUES (78, 'AMD', 'Radeon RX 6650 XT', 'PCIe 4.0', 290, 8, 13200, 170.0);
INSERT INTO GPU (GPU_ID, Brand, Model, PCIE_Version, Power_Draw, VRAM, Performance_Score, Price) VALUES (79, 'AMD', 'Radeon RX 6700', 'PCIe 4.0', 280, 10, 13500, 180.0);
INSERT INTO GPU (GPU_ID, Brand, Model, PCIE_Version, Power_Draw, VRAM, Performance_Score, Price) VALUES (80, 'AMD', 'Radeon RX 6700 XT', 'PCIe 4.0', 370, 12, 15000, 200.0);
INSERT INTO GPU (GPU_ID, Brand, Model, PCIE_Version, Power_Draw, VRAM, Performance_Score, Price) VALUES (81, 'AMD', 'Radeon RX 6750 XT', 'PCIe 4.0', 400, 12, 16000, 220.0);
INSERT INTO GPU (GPU_ID, Brand, Model, PCIE_Version, Power_Draw, VRAM, Performance_Score, Price) VALUES (82, 'AMD', 'Radeon RX 6800', 'PCIe 4.0', 400, 16, 17500, 260.0);
INSERT INTO GPU (GPU_ID, Brand, Model, PCIE_Version, Power_Draw, VRAM, Performance_Score, Price) VALUES (83, 'AMD', 'Radeon RX 6800 XT', 'PCIe 4.0', 480, 16, 19500, 320.0);
INSERT INTO GPU (GPU_ID, Brand, Model, PCIE_Version, Power_Draw, VRAM, Performance_Score, Price) VALUES (84, 'AMD', 'Radeon RX 6900 XT', 'PCIe 4.0', 480, 16, 21000, 380.0);
INSERT INTO GPU (GPU_ID, Brand, Model, PCIE_Version, Power_Draw, VRAM, Performance_Score, Price) VALUES (85, 'AMD', 'Radeon RX 6950 XT', 'PCIe 4.0', 540, 16, 22000, 430.0);
INSERT INTO GPU (GPU_ID, Brand, Model, PCIE_Version, Power_Draw, VRAM, Performance_Score, Price) VALUES (86, 'AMD', 'Radeon RX 7600', 'PCIe 4.0', 250, 8, 14500, 220.0);
INSERT INTO GPU (GPU_ID, Brand, Model, PCIE_Version, Power_Draw, VRAM, Performance_Score, Price) VALUES (87, 'AMD', 'Radeon RX 7600 XT', 'PCIe 4.0', 290, 16, 15800, 260.0);
INSERT INTO GPU (GPU_ID, Brand, Model, PCIE_Version, Power_Draw, VRAM, Performance_Score, Price) VALUES (88, 'AMD', 'Radeon RX 7700 XT', 'PCIe 4.0', 380, 12, 18500, 330.0);
INSERT INTO GPU (GPU_ID, Brand, Model, PCIE_Version, Power_Draw, VRAM, Performance_Score, Price) VALUES (89, 'AMD', 'Radeon RX 7700', 'PCIe 4.0', 340, 12, 17800, 300.0);
INSERT INTO GPU (GPU_ID, Brand, Model, PCIE_Version, Power_Draw, VRAM, Performance_Score, Price) VALUES (90, 'AMD', 'Radeon RX 7800 XT', 'PCIe 4.0', 420, 16, 21000, 420.0);
INSERT INTO GPU (GPU_ID, Brand, Model, PCIE_Version, Power_Draw, VRAM, Performance_Score, Price) VALUES (91, 'AMD', 'Radeon RX 7900 GRE', 'PCIe 4.0', 420, 16, 22500, 500.0);
INSERT INTO GPU (GPU_ID, Brand, Model, PCIE_Version, Power_Draw, VRAM, Performance_Score, Price) VALUES (92, 'AMD', 'Radeon RX 7900 XT', 'PCIe 4.0', 500, 20, 25500, 650.0);
INSERT INTO GPU (GPU_ID, Brand, Model, PCIE_Version, Power_Draw, VRAM, Performance_Score, Price) VALUES (93, 'AMD', 'Radeon RX 7900 XTX', 'PCIe 4.0', 570, 24, 28000, 800.0);
INSERT INTO GPU (GPU_ID, Brand, Model, PCIE_Version, Power_Draw, VRAM, Performance_Score, Price) VALUES (94, 'AMD', 'Radeon RX 9060', 'PCIe 5.0', 240, 8, 16500, 260.0);
INSERT INTO GPU (GPU_ID, Brand, Model, PCIE_Version, Power_Draw, VRAM, Performance_Score, Price) VALUES (95, 'AMD', 'Radeon RX 9060 XT 8GB', 'PCIe 5.0', 270, 8, 18500, 320.0);
INSERT INTO GPU (GPU_ID, Brand, Model, PCIE_Version, Power_Draw, VRAM, Performance_Score, Price) VALUES (96, 'AMD', 'Radeon RX 9060 XT 16GB', 'PCIe 5.0', 270, 16, 19200, 360.0);
INSERT INTO GPU (GPU_ID, Brand, Model, PCIE_Version, Power_Draw, VRAM, Performance_Score, Price) VALUES (97, 'AMD', 'Radeon RX 9070', 'PCIe 5.0', 350, 16, 23500, 520.0);
INSERT INTO GPU (GPU_ID, Brand, Model, PCIE_Version, Power_Draw, VRAM, Performance_Score, Price) VALUES (98, 'AMD', 'Radeon RX 9070 XT', 'PCIe 5.0', 480, 16, 26000, 650.0);

-- MOTHERBOARD (20 records)
INSERT INTO MOTHERBOARD (MOBO_ID, Brand, Model, Socket_Type, Form_Factor, RAM_Type, Has_NVME, Max_RAM, PCIE_Version, Price) VALUES (1, 'ASUS', 'ROG STRIX X670E-E', 'AM5', 'ATX', 'DDR5', 1, 192, 5.0, 420.0);
INSERT INTO MOTHERBOARD (MOBO_ID, Brand, Model, Socket_Type, Form_Factor, RAM_Type, Has_NVME, Max_RAM, PCIE_Version, Price) VALUES (2, 'MSI', 'MAG B650 TOMAHAWK', 'AM5', 'ATX', 'DDR5', 1, 128, 4.0, 220.0);
INSERT INTO MOTHERBOARD (MOBO_ID, Brand, Model, Socket_Type, Form_Factor, RAM_Type, Has_NVME, Max_RAM, PCIE_Version, Price) VALUES (3, 'Gigabyte', 'B650 AORUS ELITE', 'AM5', 'ATX', 'DDR5', 1, 128, 4.0, 200.0);
INSERT INTO MOTHERBOARD (MOBO_ID, Brand, Model, Socket_Type, Form_Factor, RAM_Type, Has_NVME, Max_RAM, PCIE_Version, Price) VALUES (4, 'ASRock', 'B650M Pro RS', 'AM5', 'Micro-ATX', 'DDR5', 1, 128, 4.0, 140.0);
INSERT INTO MOTHERBOARD (MOBO_ID, Brand, Model, Socket_Type, Form_Factor, RAM_Type, Has_NVME, Max_RAM, PCIE_Version, Price) VALUES (5, 'MSI', 'A620M-E', 'AM5', 'Micro-ATX', 'DDR5', 0, 64, 4.0, 90.0);
INSERT INTO MOTHERBOARD (MOBO_ID, Brand, Model, Socket_Type, Form_Factor, RAM_Type, Has_NVME, Max_RAM, PCIE_Version, Price) VALUES (6, 'ASUS', 'ROG Crosshair VIII Hero', 'AM4', 'ATX', 'DDR4', 1, 128, 4.0, 300.0);
INSERT INTO MOTHERBOARD (MOBO_ID, Brand, Model, Socket_Type, Form_Factor, RAM_Type, Has_NVME, Max_RAM, PCIE_Version, Price) VALUES (7, 'MSI', 'B550 TOMAHAWK', 'AM4', 'ATX', 'DDR4', 1, 128, 4.0, 150.0);
INSERT INTO MOTHERBOARD (MOBO_ID, Brand, Model, Socket_Type, Form_Factor, RAM_Type, Has_NVME, Max_RAM, PCIE_Version, Price) VALUES (8, 'Gigabyte', 'B550 AORUS ELITE', 'AM4', 'ATX', 'DDR4', 1, 128, 4.0, 140.0);
INSERT INTO MOTHERBOARD (MOBO_ID, Brand, Model, Socket_Type, Form_Factor, RAM_Type, Has_NVME, Max_RAM, PCIE_Version, Price) VALUES (9, 'ASRock', 'B450M Steel Legend', 'AM4', 'Micro-ATX', 'DDR4', 1, 64, 3.0, 90.0);
INSERT INTO MOTHERBOARD (MOBO_ID, Brand, Model, Socket_Type, Form_Factor, RAM_Type, Has_NVME, Max_RAM, PCIE_Version, Price) VALUES (10, 'Gigabyte', 'A320M-S2H', 'AM4', 'Micro-ATX', 'DDR4', 0, 32, 3.0, 50.0);
INSERT INTO MOTHERBOARD (MOBO_ID, Brand, Model, Socket_Type, Form_Factor, RAM_Type, Has_NVME, Max_RAM, PCIE_Version, Price) VALUES (11, 'ASUS', 'ROG STRIX Z790-E', 'LGA1700', 'ATX', 'DDR5', 1, 192, 5.0, 400.0);
INSERT INTO MOTHERBOARD (MOBO_ID, Brand, Model, Socket_Type, Form_Factor, RAM_Type, Has_NVME, Max_RAM, PCIE_Version, Price) VALUES (12, 'MSI', 'PRO Z690-A', 'LGA1700', 'ATX', 'DDR4', 1, 128, 5.0, 220.0);
INSERT INTO MOTHERBOARD (MOBO_ID, Brand, Model, Socket_Type, Form_Factor, RAM_Type, Has_NVME, Max_RAM, PCIE_Version, Price) VALUES (13, 'Gigabyte', 'B760 DS3H', 'LGA1700', 'ATX', 'DDR4', 1, 128, 4.0, 140.0);
INSERT INTO MOTHERBOARD (MOBO_ID, Brand, Model, Socket_Type, Form_Factor, RAM_Type, Has_NVME, Max_RAM, PCIE_Version, Price) VALUES (14, 'ASRock', 'B660M Pro RS', 'LGA1700', 'Micro-ATX', 'DDR4', 1, 128, 4.0, 120.0);
INSERT INTO MOTHERBOARD (MOBO_ID, Brand, Model, Socket_Type, Form_Factor, RAM_Type, Has_NVME, Max_RAM, PCIE_Version, Price) VALUES (15, 'MSI', 'H610M-G', 'LGA1700', 'Micro-ATX', 'DDR4', 0, 64, 4.0, 80.0);
INSERT INTO MOTHERBOARD (MOBO_ID, Brand, Model, Socket_Type, Form_Factor, RAM_Type, Has_NVME, Max_RAM, PCIE_Version, Price) VALUES (16, 'ASUS', 'ROG MAXIMUS XII HERO', 'LGA1200', 'ATX', 'DDR4', 1, 128, 4.0, 300.0);
INSERT INTO MOTHERBOARD (MOBO_ID, Brand, Model, Socket_Type, Form_Factor, RAM_Type, Has_NVME, Max_RAM, PCIE_Version, Price) VALUES (17, 'MSI', 'Z490 TOMAHAWK', 'LGA1200', 'ATX', 'DDR4', 1, 128, 3.0, 180.0);
INSERT INTO MOTHERBOARD (MOBO_ID, Brand, Model, Socket_Type, Form_Factor, RAM_Type, Has_NVME, Max_RAM, PCIE_Version, Price) VALUES (18, 'Gigabyte', 'B560 AORUS PRO', 'LGA1200', 'ATX', 'DDR4', 1, 128, 4.0, 150.0);
INSERT INTO MOTHERBOARD (MOBO_ID, Brand, Model, Socket_Type, Form_Factor, RAM_Type, Has_NVME, Max_RAM, PCIE_Version, Price) VALUES (19, 'ASRock', 'B460M Pro4', 'LGA1200', 'Micro-ATX', 'DDR4', 1, 64, 3.0, 100.0);
INSERT INTO MOTHERBOARD (MOBO_ID, Brand, Model, Socket_Type, Form_Factor, RAM_Type, Has_NVME, Max_RAM, PCIE_Version, Price) VALUES (20, 'Gigabyte', 'H410M S2H', 'LGA1200', 'Micro-ATX', 'DDR4', 0, 64, 3.0, 70.0);

-- RAM (50 records)
INSERT INTO RAM (RAM_ID, Brand, Model, RAM_Type, Capacity, Is_Dual_Channel, Speed, Performance_Score, Price) VALUES (1, 'Corsair', 'Value 8GB 2400', 'DDR4', 8, 0, 2400.0, 3200, 15.0);
INSERT INTO RAM (RAM_ID, Brand, Model, RAM_Type, Capacity, Is_Dual_Channel, Speed, Performance_Score, Price) VALUES (2, 'Corsair', 'Value 8GB 2666', 'DDR4', 8, 0, 2666.0, 3500, 18.0);
INSERT INTO RAM (RAM_ID, Brand, Model, RAM_Type, Capacity, Is_Dual_Channel, Speed, Performance_Score, Price) VALUES (3, 'Corsair', 'Value 8GB 3000', 'DDR4', 8, 0, 3000.0, 3900, 20.0);
INSERT INTO RAM (RAM_ID, Brand, Model, RAM_Type, Capacity, Is_Dual_Channel, Speed, Performance_Score, Price) VALUES (4, 'Corsair', 'Value 8GB 3200', 'DDR4', 8, 0, 3200.0, 4200, 22.0);
INSERT INTO RAM (RAM_ID, Brand, Model, RAM_Type, Capacity, Is_Dual_Channel, Speed, Performance_Score, Price) VALUES (5, 'Corsair', 'Value 16GB 2666', 'DDR4', 16, 1, 2666.0, 5000, 25.0);
INSERT INTO RAM (RAM_ID, Brand, Model, RAM_Type, Capacity, Is_Dual_Channel, Speed, Performance_Score, Price) VALUES (6, 'Corsair', 'Value 16GB 3000', 'DDR4', 16, 1, 3000.0, 5500, 30.0);
INSERT INTO RAM (RAM_ID, Brand, Model, RAM_Type, Capacity, Is_Dual_Channel, Speed, Performance_Score, Price) VALUES (7, 'Corsair', 'Vengeance 16GB 3200', 'DDR4', 16, 1, 3200.0, 6000, 35.0);
INSERT INTO RAM (RAM_ID, Brand, Model, RAM_Type, Capacity, Is_Dual_Channel, Speed, Performance_Score, Price) VALUES (8, 'Corsair', 'Vengeance 16GB 3600', 'DDR4', 16, 1, 3600.0, 6500, 40.0);
INSERT INTO RAM (RAM_ID, Brand, Model, RAM_Type, Capacity, Is_Dual_Channel, Speed, Performance_Score, Price) VALUES (9, 'Kingston', 'Value 8GB 2400', 'DDR4', 8, 0, 2400.0, 3100, 14.0);
INSERT INTO RAM (RAM_ID, Brand, Model, RAM_Type, Capacity, Is_Dual_Channel, Speed, Performance_Score, Price) VALUES (10, 'Kingston', 'Fury 8GB 3200', 'DDR4', 8, 0, 3200.0, 4200, 22.0);
INSERT INTO RAM (RAM_ID, Brand, Model, RAM_Type, Capacity, Is_Dual_Channel, Speed, Performance_Score, Price) VALUES (11, 'Kingston', 'Value 16GB 2666', 'DDR4', 16, 1, 2666.0, 4900, 26.0);
INSERT INTO RAM (RAM_ID, Brand, Model, RAM_Type, Capacity, Is_Dual_Channel, Speed, Performance_Score, Price) VALUES (12, 'Kingston', 'Fury 16GB 3200', 'DDR4', 16, 1, 3200.0, 6000, 34.0);
INSERT INTO RAM (RAM_ID, Brand, Model, RAM_Type, Capacity, Is_Dual_Channel, Speed, Performance_Score, Price) VALUES (13, 'Kingston', 'Fury 16GB 3600', 'DDR4', 16, 1, 3600.0, 6500, 38.0);
INSERT INTO RAM (RAM_ID, Brand, Model, RAM_Type, Capacity, Is_Dual_Channel, Speed, Performance_Score, Price) VALUES (14, 'G.Skill', 'Aegis 16GB 3000', 'DDR4', 16, 1, 3000.0, 5600, 32.0);
INSERT INTO RAM (RAM_ID, Brand, Model, RAM_Type, Capacity, Is_Dual_Channel, Speed, Performance_Score, Price) VALUES (15, 'G.Skill', 'Ripjaws 16GB 3200', 'DDR4', 16, 1, 3200.0, 6100, 36.0);
INSERT INTO RAM (RAM_ID, Brand, Model, RAM_Type, Capacity, Is_Dual_Channel, Speed, Performance_Score, Price) VALUES (16, 'G.Skill', 'Ripjaws 16GB 3600', 'DDR4', 16, 1, 3600.0, 6700, 42.0);
INSERT INTO RAM (RAM_ID, Brand, Model, RAM_Type, Capacity, Is_Dual_Channel, Speed, Performance_Score, Price) VALUES (17, 'G.Skill', 'Ripjaws 32GB 3000', 'DDR4', 32, 1, 3000.0, 7200, 60.0);
INSERT INTO RAM (RAM_ID, Brand, Model, RAM_Type, Capacity, Is_Dual_Channel, Speed, Performance_Score, Price) VALUES (18, 'G.Skill', 'Ripjaws 32GB 3200', 'DDR4', 32, 1, 3200.0, 7600, 70.0);
INSERT INTO RAM (RAM_ID, Brand, Model, RAM_Type, Capacity, Is_Dual_Channel, Speed, Performance_Score, Price) VALUES (19, 'Crucial', 'Value 8GB 2666', 'DDR4', 8, 0, 2666.0, 3400, 17.0);
INSERT INTO RAM (RAM_ID, Brand, Model, RAM_Type, Capacity, Is_Dual_Channel, Speed, Performance_Score, Price) VALUES (20, 'Crucial', 'Value 16GB 2666', 'DDR4', 16, 1, 2666.0, 5000, 28.0);
INSERT INTO RAM (RAM_ID, Brand, Model, RAM_Type, Capacity, Is_Dual_Channel, Speed, Performance_Score, Price) VALUES (21, 'Crucial', 'Ballistix 16GB 3200', 'DDR4', 16, 1, 3200.0, 6100, 34.0);
INSERT INTO RAM (RAM_ID, Brand, Model, RAM_Type, Capacity, Is_Dual_Channel, Speed, Performance_Score, Price) VALUES (22, 'Crucial', 'Ballistix 32GB 3200', 'DDR4', 32, 1, 3200.0, 7700, 65.0);
INSERT INTO RAM (RAM_ID, Brand, Model, RAM_Type, Capacity, Is_Dual_Channel, Speed, Performance_Score, Price) VALUES (23, 'Generic', 'Basic 8GB 2400', 'DDR4', 8, 0, 2400.0, 2800, 10.0);
INSERT INTO RAM (RAM_ID, Brand, Model, RAM_Type, Capacity, Is_Dual_Channel, Speed, Performance_Score, Price) VALUES (24, 'Generic', 'Basic 16GB 2400', 'DDR4', 16, 1, 2400.0, 4300, 20.0);
INSERT INTO RAM (RAM_ID, Brand, Model, RAM_Type, Capacity, Is_Dual_Channel, Speed, Performance_Score, Price) VALUES (25, 'Generic', 'Basic 32GB 2400', 'DDR4', 32, 1, 2400.0, 6200, 40.0);
INSERT INTO RAM (RAM_ID, Brand, Model, RAM_Type, Capacity, Is_Dual_Channel, Speed, Performance_Score, Price) VALUES (26, 'Corsair', 'Vengeance 16GB 4800', 'DDR5', 16, 1, 4800.0, 8200, 55.0);
INSERT INTO RAM (RAM_ID, Brand, Model, RAM_Type, Capacity, Is_Dual_Channel, Speed, Performance_Score, Price) VALUES (27, 'Corsair', 'Vengeance 16GB 5200', 'DDR5', 16, 1, 5200.0, 8800, 65.0);
INSERT INTO RAM (RAM_ID, Brand, Model, RAM_Type, Capacity, Is_Dual_Channel, Speed, Performance_Score, Price) VALUES (28, 'Corsair', 'Vengeance 16GB 5600', 'DDR5', 16, 1, 5600.0, 9400, 75.0);
INSERT INTO RAM (RAM_ID, Brand, Model, RAM_Type, Capacity, Is_Dual_Channel, Speed, Performance_Score, Price) VALUES (29, 'Corsair', 'Vengeance 32GB 5200', 'DDR5', 32, 1, 5200.0, 10800, 95.0);
INSERT INTO RAM (RAM_ID, Brand, Model, RAM_Type, Capacity, Is_Dual_Channel, Speed, Performance_Score, Price) VALUES (30, 'Corsair', 'Vengeance 32GB 5600', 'DDR5', 32, 1, 5600.0, 11500, 110.0);
INSERT INTO RAM (RAM_ID, Brand, Model, RAM_Type, Capacity, Is_Dual_Channel, Speed, Performance_Score, Price) VALUES (31, 'Corsair', 'Vengeance 32GB 6000', 'DDR5', 32, 1, 6000.0, 12200, 125.0);
INSERT INTO RAM (RAM_ID, Brand, Model, RAM_Type, Capacity, Is_Dual_Channel, Speed, Performance_Score, Price) VALUES (32, 'Kingston', 'Fury 16GB 4800', 'DDR5', 16, 1, 4800.0, 8100, 50.0);
INSERT INTO RAM (RAM_ID, Brand, Model, RAM_Type, Capacity, Is_Dual_Channel, Speed, Performance_Score, Price) VALUES (33, 'Kingston', 'Fury 16GB 5200', 'DDR5', 16, 1, 5200.0, 8700, 60.0);
INSERT INTO RAM (RAM_ID, Brand, Model, RAM_Type, Capacity, Is_Dual_Channel, Speed, Performance_Score, Price) VALUES (34, 'Kingston', 'Fury 16GB 5600', 'DDR5', 16, 1, 5600.0, 9300, 70.0);
INSERT INTO RAM (RAM_ID, Brand, Model, RAM_Type, Capacity, Is_Dual_Channel, Speed, Performance_Score, Price) VALUES (35, 'Kingston', 'Fury 32GB 5200', 'DDR5', 32, 1, 5200.0, 10700, 90.0);
INSERT INTO RAM (RAM_ID, Brand, Model, RAM_Type, Capacity, Is_Dual_Channel, Speed, Performance_Score, Price) VALUES (36, 'Kingston', 'Fury 32GB 5600', 'DDR5', 32, 1, 5600.0, 11400, 105.0);
INSERT INTO RAM (RAM_ID, Brand, Model, RAM_Type, Capacity, Is_Dual_Channel, Speed, Performance_Score, Price) VALUES (37, 'G.Skill', 'Ripjaws 16GB 5600', 'DDR5', 16, 1, 5600.0, 9500, 80.0);
INSERT INTO RAM (RAM_ID, Brand, Model, RAM_Type, Capacity, Is_Dual_Channel, Speed, Performance_Score, Price) VALUES (38, 'G.Skill', 'Ripjaws 16GB 6000', 'DDR5', 16, 1, 6000.0, 10100, 90.0);
INSERT INTO RAM (RAM_ID, Brand, Model, RAM_Type, Capacity, Is_Dual_Channel, Speed, Performance_Score, Price) VALUES (39, 'G.Skill', 'Ripjaws 32GB 5600', 'DDR5', 32, 1, 5600.0, 11600, 115.0);
INSERT INTO RAM (RAM_ID, Brand, Model, RAM_Type, Capacity, Is_Dual_Channel, Speed, Performance_Score, Price) VALUES (40, 'G.Skill', 'Ripjaws 32GB 6000', 'DDR5', 32, 1, 6000.0, 12400, 135.0);
INSERT INTO RAM (RAM_ID, Brand, Model, RAM_Type, Capacity, Is_Dual_Channel, Speed, Performance_Score, Price) VALUES (41, 'G.Skill', 'Ripjaws 64GB 6000', 'DDR5', 64, 1, 6000.0, 14500, 240.0);
INSERT INTO RAM (RAM_ID, Brand, Model, RAM_Type, Capacity, Is_Dual_Channel, Speed, Performance_Score, Price) VALUES (42, 'Crucial', 'Pro 16GB 4800', 'DDR5', 16, 1, 4800.0, 8000, 50.0);
INSERT INTO RAM (RAM_ID, Brand, Model, RAM_Type, Capacity, Is_Dual_Channel, Speed, Performance_Score, Price) VALUES (43, 'Crucial', 'Pro 16GB 5600', 'DDR5', 16, 1, 5600.0, 9200, 70.0);
INSERT INTO RAM (RAM_ID, Brand, Model, RAM_Type, Capacity, Is_Dual_Channel, Speed, Performance_Score, Price) VALUES (44, 'Crucial', 'Pro 32GB 5200', 'DDR5', 32, 1, 5200.0, 10600, 95.0);
INSERT INTO RAM (RAM_ID, Brand, Model, RAM_Type, Capacity, Is_Dual_Channel, Speed, Performance_Score, Price) VALUES (45, 'Crucial', 'Pro 32GB 5600', 'DDR5', 32, 1, 5600.0, 11300, 110.0);
INSERT INTO RAM (RAM_ID, Brand, Model, RAM_Type, Capacity, Is_Dual_Channel, Speed, Performance_Score, Price) VALUES (46, 'Generic', 'Basic 16GB 4800', 'DDR5', 16, 1, 4800.0, 7800, 45.0);
INSERT INTO RAM (RAM_ID, Brand, Model, RAM_Type, Capacity, Is_Dual_Channel, Speed, Performance_Score, Price) VALUES (47, 'Generic', 'Basic 16GB 5200', 'DDR5', 16, 1, 5200.0, 8400, 55.0);
INSERT INTO RAM (RAM_ID, Brand, Model, RAM_Type, Capacity, Is_Dual_Channel, Speed, Performance_Score, Price) VALUES (48, 'Generic', 'Basic 32GB 4800', 'DDR5', 32, 1, 4800.0, 9800, 85.0);
INSERT INTO RAM (RAM_ID, Brand, Model, RAM_Type, Capacity, Is_Dual_Channel, Speed, Performance_Score, Price) VALUES (49, 'Generic', 'Basic 32GB 5200', 'DDR5', 32, 1, 5200.0, 10500, 95.0);
INSERT INTO RAM (RAM_ID, Brand, Model, RAM_Type, Capacity, Is_Dual_Channel, Speed, Performance_Score, Price) VALUES (50, 'Generic', 'Basic 64GB 5200', 'DDR5', 64, 1, 5200.0, 13200, 180.0);

-- PSU (20 records)
INSERT INTO PSU (PSU_ID, Brand, Model, Wattage, Efficiency_Rating, Price) VALUES (1, 'Corsair', 'CV550', 550, '80+ Bronze', 40.0);
INSERT INTO PSU (PSU_ID, Brand, Model, Wattage, Efficiency_Rating, Price) VALUES (2, 'Corsair', 'CX550M', 550, '80+ Bronze', 50.0);
INSERT INTO PSU (PSU_ID, Brand, Model, Wattage, Efficiency_Rating, Price) VALUES (3, 'EVGA', '500 W1', 500, '80+ White', 35.0);
INSERT INTO PSU (PSU_ID, Brand, Model, Wattage, Efficiency_Rating, Price) VALUES (4, 'Cooler Master', 'MWE 550 V2', 550, '80+ Bronze', 45.0);
INSERT INTO PSU (PSU_ID, Brand, Model, Wattage, Efficiency_Rating, Price) VALUES (5, 'Thermaltake', 'Smart 600W', 600, '80+ White', 40.0);
INSERT INTO PSU (PSU_ID, Brand, Model, Wattage, Efficiency_Rating, Price) VALUES (6, 'Corsair', 'CX650M', 650, '80+ Bronze', 60.0);
INSERT INTO PSU (PSU_ID, Brand, Model, Wattage, Efficiency_Rating, Price) VALUES (7, 'EVGA', '600 BR', 600, '80+ Bronze', 50.0);
INSERT INTO PSU (PSU_ID, Brand, Model, Wattage, Efficiency_Rating, Price) VALUES (8, 'Cooler Master', 'MWE 650 Gold', 650, '80+ Gold', 75.0);
INSERT INTO PSU (PSU_ID, Brand, Model, Wattage, Efficiency_Rating, Price) VALUES (9, 'Be Quiet', 'System Power 10 650W', 650, '80+ Bronze', 65.0);
INSERT INTO PSU (PSU_ID, Brand, Model, Wattage, Efficiency_Rating, Price) VALUES (10, 'MSI', 'MAG A650BN', 650, '80+ Bronze', 55.0);
INSERT INTO PSU (PSU_ID, Brand, Model, Wattage, Efficiency_Rating, Price) VALUES (11, 'Corsair', 'RM750e', 750, '80+ Gold', 90.0);
INSERT INTO PSU (PSU_ID, Brand, Model, Wattage, Efficiency_Rating, Price) VALUES (12, 'Corsair', 'RM850x', 850, '80+ Gold', 110.0);
INSERT INTO PSU (PSU_ID, Brand, Model, Wattage, Efficiency_Rating, Price) VALUES (13, 'EVGA', '750 GQ', 750, '80+ Gold', 85.0);
INSERT INTO PSU (PSU_ID, Brand, Model, Wattage, Efficiency_Rating, Price) VALUES (14, 'Seasonic', 'Focus GX-750', 750, '80+ Gold', 100.0);
INSERT INTO PSU (PSU_ID, Brand, Model, Wattage, Efficiency_Rating, Price) VALUES (15, 'Be Quiet', 'Pure Power 12M 850W', 850, '80+ Gold', 120.0);
INSERT INTO PSU (PSU_ID, Brand, Model, Wattage, Efficiency_Rating, Price) VALUES (16, 'Corsair', 'RM1000x', 1000, '80+ Gold', 150.0);
INSERT INTO PSU (PSU_ID, Brand, Model, Wattage, Efficiency_Rating, Price) VALUES (17, 'EVGA', 'SuperNOVA 1000 G6', 1000, '80+ Gold', 160.0);
INSERT INTO PSU (PSU_ID, Brand, Model, Wattage, Efficiency_Rating, Price) VALUES (18, 'Seasonic', 'Prime TX-850', 850, '80+ Titanium', 180.0);
INSERT INTO PSU (PSU_ID, Brand, Model, Wattage, Efficiency_Rating, Price) VALUES (19, 'ASUS', 'ROG STRIX 1000G', 1000, '80+ Gold', 170.0);
INSERT INTO PSU (PSU_ID, Brand, Model, Wattage, Efficiency_Rating, Price) VALUES (20, 'MSI', 'MEG Ai1000P', 1000, '80+ Platinum', 190.0);

-- CASE (29 records)
INSERT INTO "CASE" (Case_ID, Brand, Model, Form_Factor, Max_GPU_Length, Has_Fans, Price) VALUES (1, 'NZXT', 'H510', 'ATX', 381, 1, 80.0);
INSERT INTO "CASE" (Case_ID, Brand, Model, Form_Factor, Max_GPU_Length, Has_Fans, Price) VALUES (2, 'Corsair', '4000D Airflow', 'ATX', 360, 1, 95.0);
INSERT INTO "CASE" (Case_ID, Brand, Model, Form_Factor, Max_GPU_Length, Has_Fans, Price) VALUES (3, 'Montech', 'Air 100', 'mATX', 330, 1, 60.0);
INSERT INTO "CASE" (Case_ID, Brand, Model, Form_Factor, Max_GPU_Length, Has_Fans, Price) VALUES (4, 'Lian Li', 'Lancool 216', 'ATX', 392, 1, 105.0);
INSERT INTO "CASE" (Case_ID, Brand, Model, Form_Factor, Max_GPU_Length, Has_Fans, Price) VALUES (5, 'Lian Li', 'O11 Dynamic EVO', 'ATX', 420, 1, 160.0);
INSERT INTO "CASE" (Case_ID, Brand, Model, Form_Factor, Max_GPU_Length, Has_Fans, Price) VALUES (6, 'Corsair', '5000D Airflow', 'ATX', 400, 1, 140.0);
INSERT INTO "CASE" (Case_ID, Brand, Model, Form_Factor, Max_GPU_Length, Has_Fans, Price) VALUES (7, 'NZXT', 'H9 Flow', 'ATX', 435, 1, 180.0);
INSERT INTO "CASE" (Case_ID, Brand, Model, Form_Factor, Max_GPU_Length, Has_Fans, Price) VALUES (8, 'Fractal Design', 'Meshify 2', 'ATX', 420, 1, 150.0);
INSERT INTO "CASE" (Case_ID, Brand, Model, Form_Factor, Max_GPU_Length, Has_Fans, Price) VALUES (9, 'Phanteks', 'P500A', 'ATX', 435, 1, 140.0);
INSERT INTO "CASE" (Case_ID, Brand, Model, Form_Factor, Max_GPU_Length, Has_Fans, Price) VALUES (10, 'NZXT', 'H510 Flow', 'ATX', 381, 1, 90.0);
INSERT INTO "CASE" (Case_ID, Brand, Model, Form_Factor, Max_GPU_Length, Has_Fans, Price) VALUES (11, 'Corsair', '4000D Airflow', 'ATX', 360, 1, 85.0);
INSERT INTO "CASE" (Case_ID, Brand, Model, Form_Factor, Max_GPU_Length, Has_Fans, Price) VALUES (12, 'Fractal Design', 'Meshify C', 'ATX', 315, 1, 80.0);
INSERT INTO "CASE" (Case_ID, Brand, Model, Form_Factor, Max_GPU_Length, Has_Fans, Price) VALUES (13, 'Cooler Master', 'TD500 Mesh', 'ATX', 410, 1, 95.0);
INSERT INTO "CASE" (Case_ID, Brand, Model, Form_Factor, Max_GPU_Length, Has_Fans, Price) VALUES (14, 'Phanteks', 'P400A', 'ATX', 420, 1, 90.0);
INSERT INTO "CASE" (Case_ID, Brand, Model, Form_Factor, Max_GPU_Length, Has_Fans, Price) VALUES (15, 'Cooler Master', 'MasterBox Q300L', 'Micro-ATX', 360, 0, 50.0);
INSERT INTO "CASE" (Case_ID, Brand, Model, Form_Factor, Max_GPU_Length, Has_Fans, Price) VALUES (16, 'Thermaltake', 'Versa H18', 'Micro-ATX', 350, 0, 45.0);
INSERT INTO "CASE" (Case_ID, Brand, Model, Form_Factor, Max_GPU_Length, Has_Fans, Price) VALUES (17, 'Deepcool', 'Matrexx 40', 'Micro-ATX', 320, 0, 40.0);
INSERT INTO "CASE" (Case_ID, Brand, Model, Form_Factor, Max_GPU_Length, Has_Fans, Price) VALUES (18, 'Antec', 'NX200M', 'Micro-ATX', 330, 0, 40.0);
INSERT INTO "CASE" (Case_ID, Brand, Model, Form_Factor, Max_GPU_Length, Has_Fans, Price) VALUES (19, 'CiT', 'Flash', 'ATX', 340, 0, 35.0);
INSERT INTO "CASE" (Case_ID, Brand, Model, Form_Factor, Max_GPU_Length, Has_Fans, Price) VALUES (20, 'Cooler Master', 'NR200', 'Mini-ITX', 330, 1, 90.0);
INSERT INTO "CASE" (Case_ID, Brand, Model, Form_Factor, Max_GPU_Length, Has_Fans, Price) VALUES (21, 'NZXT', 'H210', 'Mini-ITX', 325, 1, 80.0);
INSERT INTO "CASE" (Case_ID, Brand, Model, Form_Factor, Max_GPU_Length, Has_Fans, Price) VALUES (22, 'Fractal Design', 'Node 202', 'Mini-ITX', 310, 0, 75.0);
INSERT INTO "CASE" (Case_ID, Brand, Model, Form_Factor, Max_GPU_Length, Has_Fans, Price) VALUES (23, 'Lian Li', 'Q58', 'Mini-ITX', 320, 1, 120.0);
INSERT INTO "CASE" (Case_ID, Brand, Model, Form_Factor, Max_GPU_Length, Has_Fans, Price) VALUES (24, 'Phanteks', 'Evolv Shift', 'Mini-ITX', 350, 1, 110.0);
INSERT INTO "CASE" (Case_ID, Brand, Model, Form_Factor, Max_GPU_Length, Has_Fans, Price) VALUES (25, 'Hyte', 'Y60', 'ATX', 375, 1, 200.0);
INSERT INTO "CASE" (Case_ID, Brand, Model, Form_Factor, Max_GPU_Length, Has_Fans, Price) VALUES (26, 'Corsair', 'iCUE 5000X RGB', 'ATX', 400, 1, 180.0);
INSERT INTO "CASE" (Case_ID, Brand, Model, Form_Factor, Max_GPU_Length, Has_Fans, Price) VALUES (27, 'Lian Li', 'Lancool III RGB', 'ATX', 435, 1, 160.0);
INSERT INTO "CASE" (Case_ID, Brand, Model, Form_Factor, Max_GPU_Length, Has_Fans, Price) VALUES (28, 'Phanteks', 'NV5', 'ATX', 440, 1, 150.0);
INSERT INTO "CASE" (Case_ID, Brand, Model, Form_Factor, Max_GPU_Length, Has_Fans, Price) VALUES (29, 'Deepcool', 'CK560', 'ATX', 380, 1, 100.0);

-- GAMES (15 records)
INSERT INTO GAMES (Game_ID, Game_Title, Release_Year) VALUES (1, 'Fortnite', 2017);
INSERT INTO GAMES (Game_ID, Game_Title, Release_Year) VALUES (2, 'Minecraft', 2011);
INSERT INTO GAMES (Game_ID, Game_Title, Release_Year) VALUES (3, 'Wolfenstein II: The New Colossus', 2017);
INSERT INTO GAMES (Game_ID, Game_Title, Release_Year) VALUES (4, 'Valorant', 2020);
INSERT INTO GAMES (Game_ID, Game_Title, Release_Year) VALUES (5, 'Rainbow Six Siege', 2015);
INSERT INTO GAMES (Game_ID, Game_Title, Release_Year) VALUES (6, 'CS:GO', 2012);
INSERT INTO GAMES (Game_ID, Game_Title, Release_Year) VALUES (7, 'Cyberpunk 2077', 2020);
INSERT INTO GAMES (Game_ID, Game_Title, Release_Year) VALUES (8, 'Call of Duty Warzone', 2020);
INSERT INTO GAMES (Game_ID, Game_Title, Release_Year) VALUES (9, 'GTA V', 2013);
INSERT INTO GAMES (Game_ID, Game_Title, Release_Year) VALUES (10, 'Red Dead Redemption 2', 2018);
INSERT INTO GAMES (Game_ID, Game_Title, Release_Year) VALUES (11, 'Apex Legends', 2019);
INSERT INTO GAMES (Game_ID, Game_Title, Release_Year) VALUES (12, 'Elden Ring', 2022);
INSERT INTO GAMES (Game_ID, Game_Title, Release_Year) VALUES (13, 'Starfield', 2023);
INSERT INTO GAMES (Game_ID, Game_Title, Release_Year) VALUES (14, 'Forza Horizon 5', 2021);
INSERT INTO GAMES (Game_ID, Game_Title, Release_Year) VALUES (15, 'The Witcher 3', 2015);

-- GAMES_PRESET_APPLIED (60 records)
INSERT INTO GAMES_PRESET_APPLIED (Game_Preset, Game_ID, Game_Preset_Score, Minimum_CPU_Score, Minimum_GPU_Score) VALUES ('LOW', 1, 5000, 3500, 4500);
INSERT INTO GAMES_PRESET_APPLIED (Game_Preset, Game_ID, Game_Preset_Score, Minimum_CPU_Score, Minimum_GPU_Score) VALUES ('MEDIUM', 1, 7000, 5000, 6500);
INSERT INTO GAMES_PRESET_APPLIED (Game_Preset, Game_ID, Game_Preset_Score, Minimum_CPU_Score, Minimum_GPU_Score) VALUES ('HIGH', 1, 9000, 7000, 8500);
INSERT INTO GAMES_PRESET_APPLIED (Game_Preset, Game_ID, Game_Preset_Score, Minimum_CPU_Score, Minimum_GPU_Score) VALUES ('ULTRA', 1, 11500, 9000, 11000);
INSERT INTO GAMES_PRESET_APPLIED (Game_Preset, Game_ID, Game_Preset_Score, Minimum_CPU_Score, Minimum_GPU_Score) VALUES ('LOW', 2, 3500, 2500, 2500);
INSERT INTO GAMES_PRESET_APPLIED (Game_Preset, Game_ID, Game_Preset_Score, Minimum_CPU_Score, Minimum_GPU_Score) VALUES ('MEDIUM', 2, 5000, 3500, 4000);
INSERT INTO GAMES_PRESET_APPLIED (Game_Preset, Game_ID, Game_Preset_Score, Minimum_CPU_Score, Minimum_GPU_Score) VALUES ('HIGH', 2, 7000, 5000, 5500);
INSERT INTO GAMES_PRESET_APPLIED (Game_Preset, Game_ID, Game_Preset_Score, Minimum_CPU_Score, Minimum_GPU_Score) VALUES ('ULTRA', 2, 9000, 6500, 7000);
INSERT INTO GAMES_PRESET_APPLIED (Game_Preset, Game_ID, Game_Preset_Score, Minimum_CPU_Score, Minimum_GPU_Score) VALUES ('LOW', 3, 6500, 4500, 6000);
INSERT INTO GAMES_PRESET_APPLIED (Game_Preset, Game_ID, Game_Preset_Score, Minimum_CPU_Score, Minimum_GPU_Score) VALUES ('MEDIUM', 3, 8500, 6000, 8000);
INSERT INTO GAMES_PRESET_APPLIED (Game_Preset, Game_ID, Game_Preset_Score, Minimum_CPU_Score, Minimum_GPU_Score) VALUES ('HIGH', 3, 11000, 8000, 10500);
INSERT INTO GAMES_PRESET_APPLIED (Game_Preset, Game_ID, Game_Preset_Score, Minimum_CPU_Score, Minimum_GPU_Score) VALUES ('ULTRA', 3, 13500, 10000, 13000);
INSERT INTO GAMES_PRESET_APPLIED (Game_Preset, Game_ID, Game_Preset_Score, Minimum_CPU_Score, Minimum_GPU_Score) VALUES ('LOW', 4, 4000, 3000, 3000);
INSERT INTO GAMES_PRESET_APPLIED (Game_Preset, Game_ID, Game_Preset_Score, Minimum_CPU_Score, Minimum_GPU_Score) VALUES ('MEDIUM', 4, 5500, 4000, 4500);
INSERT INTO GAMES_PRESET_APPLIED (Game_Preset, Game_ID, Game_Preset_Score, Minimum_CPU_Score, Minimum_GPU_Score) VALUES ('HIGH', 4, 7500, 5500, 6500);
INSERT INTO GAMES_PRESET_APPLIED (Game_Preset, Game_ID, Game_Preset_Score, Minimum_CPU_Score, Minimum_GPU_Score) VALUES ('ULTRA', 4, 9500, 7000, 8500);
INSERT INTO GAMES_PRESET_APPLIED (Game_Preset, Game_ID, Game_Preset_Score, Minimum_CPU_Score, Minimum_GPU_Score) VALUES ('LOW', 5, 5000, 3500, 4500);
INSERT INTO GAMES_PRESET_APPLIED (Game_Preset, Game_ID, Game_Preset_Score, Minimum_CPU_Score, Minimum_GPU_Score) VALUES ('MEDIUM', 5, 7000, 5000, 6500);
INSERT INTO GAMES_PRESET_APPLIED (Game_Preset, Game_ID, Game_Preset_Score, Minimum_CPU_Score, Minimum_GPU_Score) VALUES ('HIGH', 5, 9500, 7000, 9000);
INSERT INTO GAMES_PRESET_APPLIED (Game_Preset, Game_ID, Game_Preset_Score, Minimum_CPU_Score, Minimum_GPU_Score) VALUES ('ULTRA', 5, 12000, 9000, 11500);
INSERT INTO GAMES_PRESET_APPLIED (Game_Preset, Game_ID, Game_Preset_Score, Minimum_CPU_Score, Minimum_GPU_Score) VALUES ('LOW', 6, 3500, 2500, 2500);
INSERT INTO GAMES_PRESET_APPLIED (Game_Preset, Game_ID, Game_Preset_Score, Minimum_CPU_Score, Minimum_GPU_Score) VALUES ('MEDIUM', 6, 5000, 3500, 4000);
INSERT INTO GAMES_PRESET_APPLIED (Game_Preset, Game_ID, Game_Preset_Score, Minimum_CPU_Score, Minimum_GPU_Score) VALUES ('HIGH', 6, 7000, 5000, 5500);
INSERT INTO GAMES_PRESET_APPLIED (Game_Preset, Game_ID, Game_Preset_Score, Minimum_CPU_Score, Minimum_GPU_Score) VALUES ('ULTRA', 6, 8500, 6000, 6500);
INSERT INTO GAMES_PRESET_APPLIED (Game_Preset, Game_ID, Game_Preset_Score, Minimum_CPU_Score, Minimum_GPU_Score) VALUES ('LOW', 7, 9000, 6000, 9000);
INSERT INTO GAMES_PRESET_APPLIED (Game_Preset, Game_ID, Game_Preset_Score, Minimum_CPU_Score, Minimum_GPU_Score) VALUES ('MEDIUM', 7, 12000, 8000, 12000);
INSERT INTO GAMES_PRESET_APPLIED (Game_Preset, Game_ID, Game_Preset_Score, Minimum_CPU_Score, Minimum_GPU_Score) VALUES ('HIGH', 7, 15500, 10000, 15500);
INSERT INTO GAMES_PRESET_APPLIED (Game_Preset, Game_ID, Game_Preset_Score, Minimum_CPU_Score, Minimum_GPU_Score) VALUES ('ULTRA', 7, 19000, 12500, 19000);
INSERT INTO GAMES_PRESET_APPLIED (Game_Preset, Game_ID, Game_Preset_Score, Minimum_CPU_Score, Minimum_GPU_Score) VALUES ('LOW', 8, 7000, 5000, 6500);
INSERT INTO GAMES_PRESET_APPLIED (Game_Preset, Game_ID, Game_Preset_Score, Minimum_CPU_Score, Minimum_GPU_Score) VALUES ('MEDIUM', 8, 9500, 6500, 9000);
INSERT INTO GAMES_PRESET_APPLIED (Game_Preset, Game_ID, Game_Preset_Score, Minimum_CPU_Score, Minimum_GPU_Score) VALUES ('HIGH', 8, 12500, 8500, 12000);
INSERT INTO GAMES_PRESET_APPLIED (Game_Preset, Game_ID, Game_Preset_Score, Minimum_CPU_Score, Minimum_GPU_Score) VALUES ('ULTRA', 8, 15500, 10500, 15000);
INSERT INTO GAMES_PRESET_APPLIED (Game_Preset, Game_ID, Game_Preset_Score, Minimum_CPU_Score, Minimum_GPU_Score) VALUES ('LOW', 9, 4500, 3000, 4000);
INSERT INTO GAMES_PRESET_APPLIED (Game_Preset, Game_ID, Game_Preset_Score, Minimum_CPU_Score, Minimum_GPU_Score) VALUES ('MEDIUM', 9, 6500, 4500, 6000);
INSERT INTO GAMES_PRESET_APPLIED (Game_Preset, Game_ID, Game_Preset_Score, Minimum_CPU_Score, Minimum_GPU_Score) VALUES ('HIGH', 9, 8500, 6000, 8000);
INSERT INTO GAMES_PRESET_APPLIED (Game_Preset, Game_ID, Game_Preset_Score, Minimum_CPU_Score, Minimum_GPU_Score) VALUES ('ULTRA', 9, 11000, 8000, 10500);
INSERT INTO GAMES_PRESET_APPLIED (Game_Preset, Game_ID, Game_Preset_Score, Minimum_CPU_Score, Minimum_GPU_Score) VALUES ('LOW', 10, 8000, 5500, 7500);
INSERT INTO GAMES_PRESET_APPLIED (Game_Preset, Game_ID, Game_Preset_Score, Minimum_CPU_Score, Minimum_GPU_Score) VALUES ('MEDIUM', 10, 10500, 7000, 10000);
INSERT INTO GAMES_PRESET_APPLIED (Game_Preset, Game_ID, Game_Preset_Score, Minimum_CPU_Score, Minimum_GPU_Score) VALUES ('HIGH', 10, 13500, 9000, 13000);
INSERT INTO GAMES_PRESET_APPLIED (Game_Preset, Game_ID, Game_Preset_Score, Minimum_CPU_Score, Minimum_GPU_Score) VALUES ('ULTRA', 10, 17000, 11500, 16500);
INSERT INTO GAMES_PRESET_APPLIED (Game_Preset, Game_ID, Game_Preset_Score, Minimum_CPU_Score, Minimum_GPU_Score) VALUES ('LOW', 11, 5000, 3500, 4500);
INSERT INTO GAMES_PRESET_APPLIED (Game_Preset, Game_ID, Game_Preset_Score, Minimum_CPU_Score, Minimum_GPU_Score) VALUES ('MEDIUM', 11, 7000, 5000, 6500);
INSERT INTO GAMES_PRESET_APPLIED (Game_Preset, Game_ID, Game_Preset_Score, Minimum_CPU_Score, Minimum_GPU_Score) VALUES ('HIGH', 11, 9000, 6500, 8500);
INSERT INTO GAMES_PRESET_APPLIED (Game_Preset, Game_ID, Game_Preset_Score, Minimum_CPU_Score, Minimum_GPU_Score) VALUES ('ULTRA', 11, 11500, 8500, 11000);
INSERT INTO GAMES_PRESET_APPLIED (Game_Preset, Game_ID, Game_Preset_Score, Minimum_CPU_Score, Minimum_GPU_Score) VALUES ('LOW', 12, 8000, 5500, 7500);
INSERT INTO GAMES_PRESET_APPLIED (Game_Preset, Game_ID, Game_Preset_Score, Minimum_CPU_Score, Minimum_GPU_Score) VALUES ('MEDIUM', 12, 10000, 7000, 9500);
INSERT INTO GAMES_PRESET_APPLIED (Game_Preset, Game_ID, Game_Preset_Score, Minimum_CPU_Score, Minimum_GPU_Score) VALUES ('HIGH', 12, 12500, 8500, 12000);
INSERT INTO GAMES_PRESET_APPLIED (Game_Preset, Game_ID, Game_Preset_Score, Minimum_CPU_Score, Minimum_GPU_Score) VALUES ('ULTRA', 12, 15000, 10000, 14500);
INSERT INTO GAMES_PRESET_APPLIED (Game_Preset, Game_ID, Game_Preset_Score, Minimum_CPU_Score, Minimum_GPU_Score) VALUES ('LOW', 13, 10000, 7000, 9500);
INSERT INTO GAMES_PRESET_APPLIED (Game_Preset, Game_ID, Game_Preset_Score, Minimum_CPU_Score, Minimum_GPU_Score) VALUES ('MEDIUM', 13, 13000, 9000, 12500);
INSERT INTO GAMES_PRESET_APPLIED (Game_Preset, Game_ID, Game_Preset_Score, Minimum_CPU_Score, Minimum_GPU_Score) VALUES ('HIGH', 13, 16500, 11000, 16000);
INSERT INTO GAMES_PRESET_APPLIED (Game_Preset, Game_ID, Game_Preset_Score, Minimum_CPU_Score, Minimum_GPU_Score) VALUES ('ULTRA', 13, 20000, 13000, 19500);
INSERT INTO GAMES_PRESET_APPLIED (Game_Preset, Game_ID, Game_Preset_Score, Minimum_CPU_Score, Minimum_GPU_Score) VALUES ('LOW', 14, 6500, 4500, 6000);
INSERT INTO GAMES_PRESET_APPLIED (Game_Preset, Game_ID, Game_Preset_Score, Minimum_CPU_Score, Minimum_GPU_Score) VALUES ('MEDIUM', 14, 8500, 6000, 8000);
INSERT INTO GAMES_PRESET_APPLIED (Game_Preset, Game_ID, Game_Preset_Score, Minimum_CPU_Score, Minimum_GPU_Score) VALUES ('HIGH', 14, 11000, 7500, 10500);
INSERT INTO GAMES_PRESET_APPLIED (Game_Preset, Game_ID, Game_Preset_Score, Minimum_CPU_Score, Minimum_GPU_Score) VALUES ('ULTRA', 14, 14000, 9500, 13500);
INSERT INTO GAMES_PRESET_APPLIED (Game_Preset, Game_ID, Game_Preset_Score, Minimum_CPU_Score, Minimum_GPU_Score) VALUES ('LOW', 15, 5500, 4000, 5000);
INSERT INTO GAMES_PRESET_APPLIED (Game_Preset, Game_ID, Game_Preset_Score, Minimum_CPU_Score, Minimum_GPU_Score) VALUES ('MEDIUM', 15, 7500, 5500, 7000);
INSERT INTO GAMES_PRESET_APPLIED (Game_Preset, Game_ID, Game_Preset_Score, Minimum_CPU_Score, Minimum_GPU_Score) VALUES ('HIGH', 15, 10000, 7000, 9500);
INSERT INTO GAMES_PRESET_APPLIED (Game_Preset, Game_ID, Game_Preset_Score, Minimum_CPU_Score, Minimum_GPU_Score) VALUES ('ULTRA', 15, 12500, 9000, 12000);

-- COMPATIBILITY_RULES (4 records)
INSERT INTO COMPATIBILITY_RULES (Rule_ID, Component_A, Component_B, Condition, Rule_Description) VALUES (1, 1, 1, 'CPU.Socket_Type == MOTHERBOARD.Socket_Type', 'CPU socket must match motherboard socket.');
INSERT INTO COMPATIBILITY_RULES (Rule_ID, Component_A, Component_B, Condition, Rule_Description) VALUES (2, 4, 3, 'RAM.RAM_Type == MOTHERBOARD.RAM_Type', 'RAM type must match motherboard RAM type.');
INSERT INTO COMPATIBILITY_RULES (Rule_ID, Component_A, Component_B, Condition, Rule_Description) VALUES (3, 5, 0, 'PSU.Wattage >= TOTAL_POWER_DRAW', 'PSU wattage must be at least the total estimated power draw.');
INSERT INTO COMPATIBILITY_RULES (Rule_ID, Component_A, Component_B, Condition, Rule_Description) VALUES (4, 2, 3, 'GPU.PCIE_Version <= MOTHERBOARD.PCIE_Version', 'GPU PCIe version above motherboard support is treated as suboptimal.');
